Date,1Y,5Y,10Y,30Y
2014-12-08,29.45,10.91,29.58,28.94
2014-12-09,29.59,10.92,29.72,29.07
2014-12-10,29.59,10.82,29.72,29.07
2014-12-11,28.3,10.83,28.41,27.82
2014-12-12,28.05,10.74,28.16,27.57
2014-12-15,27.75,10.67,27.86,27.28
2014-12-16,27.72,10.63,27.83,27.25
2014-12-17,28.35,10.74,28.46,27.87
2014-12-18,28.58,10.9,28.7,28.09
2014-12-19,28.59,NA,28.7,28.1
2014-12-22,29.06,10.95,29.18,28.56
2014-12-23,28.96,10.71,29.08,28.47
2014-12-24,28.86,10.72,28.97,28.36
2014-12-26,28.97,10.74,29.08,28.47
2014-12-29,29.05,10.75,29.16,28.55
2014-12-30,28.98,10.72,29.09,28.48
2014-12-31,28.52,10.67,28.63,28.03
2015-01-02,28.92,10.67,29.03,28.43
2015-01-05,29.05,10.56,29.16,28.55
2015-01-06,29.31,10.51,29.42,28.81
2015-01-07,29.74,10.57,29.86,29.23
2015-01-08,29.88,10.67,30,29.37
2015-01-09,29.91,10.64,30.02,29.39
2015-01-12,30.14,10.6,30.25,29.61
2015-01-13,30.07,10.59,30.19,29.55
2015-01-14,30.32,10.56,30.44,29.8
2015-01-15,30.4,10.53,30.51,29.87
2015-01-16,30.67,10.59,30.8,30.14
2015-01-20,30.4,10.61,30.52,29.87
2015-01-21,30.4,10.64,30.52,29.88
2015-01-22,30.95,10.7,31.07,30.41
2015-01-23,30.87,10.7,30.99,30.33
2015-01-26,31.12,10.73,31.25,30.58
2015-01-27,31.1,10.68,31.23,30.56
2015-01-28,30.9,10.61,31.03,30.36
2015-01-29,30.99,10.66,31.11,30.45
2015-01-30,30.3,10.6,30.42,29.77
2015-02-02,30.24,10.65,30.37,29.71
2015-02-03,30.53,10.74,30.66,30
2015-02-04,30.45,10.72,30.58,29.92
2015-02-05,30.84,10.78,30.97,30.3
2015-02-06,29.98,10.74,30.1,29.45
2015-02-09,29.81,10.71,29.93,29.28
2015-02-10,29.95,10.76,30.07,29.42
2015-02-11,29.85,10.75,29.97,29.32
2015-02-12,30.24,10.85,30.37,29.71
2015-02-13,30.01,10.87,30.13,29.48
2015-02-17,29.97,10.87,30.1,29.44
2015-02-18,30.23,10.88,30.36,29.7
2015-02-19,29.55,10.89,29.68,29.03
2015-02-20,29.84,10.93,29.97,29.31
2015-02-23,30.11,10.94,30.24,29.58
2015-02-24,29.48,10.95,29.6,28.95
2015-02-25,29.5,10.96,29.63,28.98
2015-02-26,29.17,10.94,29.29,28.65
2015-02-27,29.4,10.93,29.52,28.87
2015-03-02,29.59,10.96,29.71,29.06
2015-03-03,29.51,10.92,29.63,28.98
2015-03-04,29.2,10.9,29.32,28.68
2015-03-05,29.29,10.92,29.41,28.76
2015-03-06,28.3,10.81,28.42,27.79
2015-03-09,28.48,10.82,28.6,27.97
2015-03-10,28.47,10.71,28.59,27.95
2015-03-11,28.51,10.72,28.64,28
2015-03-12,29.08,10.8,29.21,28.56
2015-03-13,29.01,10.77,29.14,28.49
2015-03-16,29.38,10.85,29.51,28.85
2015-03-17,29.33,10.83,29.46,28.8
2015-03-18,29.93,10.95,30.05,29.42
2015-03-19,29.91,10.91,30.03,29.4
2015-03-20,30.7,11.01,30.82,30.17
2015-03-23,30.72,11,30.84,30.19
2015-03-24,30.47,10.98,30.59,29.94
2015-03-25,29.89,10.87,30,29.37
2015-03-26,29.68,10.84,29.8,29.17
2015-03-27,29.76,10.86,29.88,29.24
2015-03-30,30.17,10.92,30.29,29.64
2015-03-31,29.9,10.87,30.02,29.38
2015-04-01,29.84,10.87,29.96,29.32
2015-04-02,30.07,10.9,30.19,29.55
2015-04-06,30.4,10.95,30.53,29.87
2015-04-07,29.84,10.94,29.96,29.32
2015-04-08,29.88,10.99,30,29.35
2015-04-09,29.24,11,29.36,28.73
2015-04-10,29.22,11.02,29.34,28.71
2015-04-13,29.11,11,29.23,28.6
2015-04-14,29.24,11.01,29.36,28.72
2015-04-15,29.01,11.06,29.13,28.5
2015-04-16,29.12,11.05,29.24,28.61
2015-04-17,28.93,10.97,29.05,28.42
2015-04-20,29.01,11,29.13,28.5
2015-04-21,29.09,11.02,29.21,28.58
2015-04-22,29.16,11.03,29.28,28.64
2015-04-23,29.21,11.06,29.33,28.7
2015-04-24,29.26,11.06,29.38,28.74
2015-04-27,29.24,11.04,29.36,28.72
2015-04-28,29.2,11.04,29.32,28.68
2015-04-29,28.58,11,28.7,28.07
2015-04-30,28.11,10.93,28.23,27.61
2015-05-01,28.34,10.97,28.45,27.83
2015-05-04,28.38,10.98,28.5,27.87
2015-05-05,27.73,10.9,27.85,27.24
2015-05-06,27.62,10.87,27.74,27.13
2015-05-07,28.07,10.89,28.19,27.57
2015-05-08,28.5,10.99,28.62,27.99
2015-05-11,28.02,10.97,28.14,27.52
2015-05-12,28.15,10.95,28.27,27.64
2015-05-13,27.9,10.96,28.02,27.4
2015-05-14,28.48,11.03,28.6,27.97
2015-05-15,28.75,11.05,28.88,28.24
2015-05-18,28.67,11.06,28.8,28.15
2015-05-19,28.58,11.04,28.7,28.06
2015-05-20,28.55,11.05,28.67,28.04
2015-05-21,28.4,11.07,28.52,27.88
2015-05-22,28.37,11.06,28.49,27.86
2015-05-26,28.13,10.97,28.25,27.62
2015-05-27,28.43,11.05,28.55,27.91
2015-05-28,28.34,11.04,28.46,27.82
2015-05-29,28.03,10.99,28.15,27.52
2015-06-01,28.37,11,28.5,27.85
2015-06-02,28.06,11,28.18,27.55
2015-06-03,27.63,11.01,27.75,27.12
2015-06-04,27.55,10.95,27.67,27.04
2015-06-05,27.23,10.93,27.35,26.73
2015-06-08,27.15,10.89,27.27,26.66
2015-06-09,26.97,10.88,27.09,26.48
2015-06-10,27.19,10.96,27.32,26.69
2015-06-11,27.37,11,27.49,26.87
2015-06-12,27.3,10.95,27.43,26.8
2015-06-15,27.2,10.92,27.32,26.7
2015-06-16,27.45,10.95,27.57,26.94
2015-06-17,27.54,10.96,27.65,27.07
2015-06-18,27.93,11.02,28.04,27.45
2015-06-19,27.73,10.99,27.84,27.25
2015-06-22,27.41,11.04,27.52,26.94
2015-06-23,27.17,11.06,27.28,26.7
2015-06-24,27.01,11.01,27.12,26.55
2015-06-25,26.74,10.99,26.85,26.28
2015-06-26,26.93,10.97,27.04,26.47
2015-06-29,26.5,10.83,26.61,26.04
2015-06-30,26.58,10.84,26.68,26.12
2015-07-01,27.02,10.88,27.13,26.55
2015-07-02,27.12,10.88,27.23,26.65
2015-07-06,27.29,10.84,27.4,26.82
2015-07-07,27.75,10.85,27.86,27.26
2015-07-08,27.69,10.74,27.8,27.2
2015-07-09,27.6,10.77,27.71,27.11
2015-07-10,27.79,10.86,27.9,27.3
2015-07-13,27.8,10.92,27.91,27.31
2015-07-14,27.85,10.96,27.96,27.36
2015-07-15,27.9,10.96,28.02,27.41
2015-07-16,28.11,11,28.22,27.61
2015-07-17,28.01,11,28.12,27.51
2015-07-20,28.06,11,28.18,27.57
2015-07-21,27.94,10.99,28.06,27.45
2015-07-22,28.1,10.97,28.22,27.6
2015-07-23,27.75,10.94,27.86,27.25
2015-07-24,27.86,10.85,27.98,27.37
2015-07-27,27.92,10.8,28.04,27.42
2015-07-28,27.93,10.87,28.04,27.43
2015-07-29,28.05,10.92,28.17,27.55
2015-07-30,27.94,10.93,28.05,27.44
2015-07-31,28.19,10.94,28.31,27.69
2015-08-03,28.36,10.94,28.48,27.86
2015-08-04,28.14,10.92,28.26,27.64
2015-08-05,27.97,10.94,28.08,27.47
2015-08-06,28.02,10.88,28.14,27.52
2015-08-07,28.16,10.86,28.27,27.65
2015-08-10,28.06,10.94,28.18,27.55
2015-08-11,28.27,10.87,28.39,27.77
2015-08-12,28.34,10.85,28.46,27.83
2015-08-13,28.36,10.83,28.48,27.85
2015-08-14,28.49,10.85,28.61,27.97
2015-08-17,28.74,10.88,28.86,28.22
2015-08-18,28.8,10.86,28.92,28.28
2015-08-19,28.56,10.81,28.69,28.05
2015-08-20,28.38,10.67,28.5,27.86
2015-08-21,27.85,10.49,27.97,27.35
2015-08-24,26.5,10.25,26.61,26.02
2015-08-25,25.82,10.21,25.93,25.35
2015-08-26,26.55,10.36,26.66,26.06
2015-08-27,27.08,10.51,27.2,26.59
2015-08-28,27.04,10.52,27.16,26.55
2015-08-31,26.45,10.47,26.57,25.97
2015-09-01,25.92,10.3,26.03,25.44
2015-09-02,26.18,10.38,26.3,25.71
2015-09-03,26.22,10.4,26.34,25.74
2015-09-04,25.68,10.31,25.79,25.21
2015-09-08,26.11,10.44,26.22,25.63
2015-09-09,25.77,10.39,25.89,25.3
2015-09-10,25.86,10.42,25.97,25.38
2015-09-11,26.39,10.45,26.51,25.9
2015-09-14,26.37,10.42,26.49,25.89
2015-09-15,26.63,10.46,26.75,26.14
2015-09-16,26.91,10.53,27.03,26.41
2015-09-17,27.21,10.55,27.33,26.71
2015-09-18,27.1,10.45,27.22,26.6
2015-09-21,27.35,10.45,27.47,26.84
2015-09-22,26.99,10.36,27.11,26.49
2015-09-23,27,10.34,27.11,26.53
2015-09-24,26.73,10.31,26.83,26.26
2015-09-25,26.86,10.3,26.97,26.4
2015-09-28,26.42,10.13,26.52,25.96
2015-09-29,26.84,10.12,26.94,26.37
2015-09-30,27.07,10.24,27.18,26.6
2015-10-01,27.23,10.26,27.33,26.75
2015-10-02,27.49,10.36,27.6,27.01
2015-10-05,27.91,10.46,28.02,27.42
2015-10-06,27.8,10.44,27.91,27.32
2015-10-07,28.16,10.49,28.27,27.66
2015-10-08,28.37,10.52,28.48,27.87
2015-10-09,28.36,10.53,28.48,27.87
2015-10-12,28.58,10.54,28.69,28.07
2015-10-13,28.31,10.49,28.42,27.81
2015-10-14,28.03,10.49,28.14,27.54
2015-10-15,28.46,10.58,28.57,27.96
2015-10-16,28.65,10.59,28.76,28.14
2015-10-19,29.08,10.59,29.2,28.57
2015-10-20,29.03,10.56,29.15,28.52
2015-10-21,28.92,10.53,29.03,28.4
2015-10-22,29.09,10.61,29.21,28.58
2015-10-23,28.75,10.67,28.86,28.23
2015-10-26,28.75,10.67,28.87,28.24
2015-10-27,28.74,10.66,28.86,28.23
2015-10-28,28.74,10.72,28.86,28.23
2015-10-29,28.75,10.7,28.87,28.24
2015-10-30,28.45,10.69,28.56,27.94
2015-11-02,29.07,10.75,29.19,28.55
2015-11-03,28.75,10.76,28.87,28.24
2015-11-04,28.66,10.75,28.77,28.14
2015-11-05,28.76,10.74,28.88,28.24
2015-11-06,27.94,10.72,28.06,27.44
2015-11-09,27.47,10.66,27.58,26.97
2015-11-10,27.79,10.67,27.91,27.29
2015-11-11,27.87,10.65,27.99,27.37
2015-11-12,27.68,10.57,27.8,27.18
2015-11-13,27.36,10.5,27.48,26.86
2015-11-16,27.62,10.57,27.74,27.12
2015-11-17,27.64,10.58,27.76,27.14
2015-11-18,27.9,10.67,28.01,27.39
2015-11-19,27.98,10.68,28.1,27.48
2015-11-20,28.32,10.7,28.44,27.8
2015-11-23,28.36,10.68,28.48,27.84
2015-11-24,28.17,10.68,28.29,27.66
2015-11-25,28.35,10.7,28.47,27.83
2015-11-27,28.59,10.7,28.71,28.07
2015-11-30,28.31,10.68,28.43,27.79
2015-12-01,28.71,10.77,28.84,28.19
2015-12-02,28.1,10.69,28.22,27.58
2015-12-03,27.65,10.6,27.77,27.15
2015-12-04,28.25,10.7,28.37,27.73
2015-12-07,28.16,10.65,28.28,27.64
2015-12-08,28.13,10.61,28.25,27.61
2015-12-09,27.91,10.54,28.03,27.39
2015-12-10,25.5,10.55,25.6,25.02
2015-12-11,25.51,10.43,25.62,25.04
2015-12-14,25.63,10.43,25.74,25.15
2015-12-15,25.92,10.49,26.02,25.43
2015-12-16,26.43,10.57,26.54,25.93
2015-12-17,26.31,10.5,26.42,25.82
2015-12-18,25.98,10.42,26.09,25.5
2015-12-21,26.11,10.46,26.21,25.62
2015-12-22,26.17,10.45,26.28,25.68
2015-12-23,26.43,10.53,26.54,25.94
2015-12-24,26.42,10.52,26.53,25.93
2015-12-28,26.58,10.51,26.69,26.08
2015-12-29,26.88,10.57,26.99,26.38
2015-12-30,26.76,10.52,26.87,26.25
2015-12-31,26.52,10.46,26.63,26.02
2016-01-04,26.15,10.36,26.26,25.66
2016-01-05,26.7,10.36,26.82,26.2
2016-01-06,26.56,10.29,26.68,26.06
2016-01-07,26.1,10.15,26.21,25.61
2016-01-08,25.77,10.09,25.88,25.28
2016-01-11,25.97,10.07,26.08,25.47
2016-01-12,25.81,10.11,25.92,25.32
2016-01-13,25.43,9.97,25.54,24.95
2016-01-14,25.34,10.03,25.45,24.86
2016-01-15,25.15,9.89,25.26,24.67
2016-01-19,25.36,9.88,25.47,24.88
2016-01-20,24.62,9.81,24.73,24.15
2016-01-21,24.76,9.83,24.86,24.28
2016-01-22,25.39,9.97,25.5,24.9
2016-01-25,25.22,9.89,25.33,24.73
2016-01-26,25.81,9.97,25.92,25.31
2016-01-27,25.26,9.92,25.37,24.77
2016-01-28,25.1,9.95,25.21,24.62
2016-01-29,25.52,10.08,25.63,25.03
2016-02-01,25.57,10.09,25.68,25.08
2016-02-02,25.34,9.98,25.45,24.85
2016-02-03,25.48,10.01,25.59,24.99
2016-02-04,25.47,10.01,25.58,24.98
2016-02-05,24.95,9.85,25.06,24.47
2016-02-08,24.31,9.74,24.42,23.84
2016-02-09,23.97,9.71,24.08,23.51
2016-02-10,24.16,9.73,24.27,23.69
2016-02-11,23.83,9.66,23.94,23.37
2016-02-12,24.07,9.74,24.18,23.61
2016-02-16,24.51,9.84,24.63,24.04
2016-02-17,24.74,9.95,24.85,24.26
2016-02-18,24.93,9.93,25.04,24.44
2016-02-19,25.13,9.93,25.24,24.64
2016-02-22,25.36,10.02,25.47,24.86
2016-02-23,25.29,9.95,25.41,24.79
2016-02-24,25.19,9.97,25.31,24.7
2016-02-25,25.68,10.04,25.8,25.18
2016-02-26,25.51,10.03,25.63,25.01
2016-02-29,25.36,10,25.48,24.86
2016-03-01,26.02,10.14,26.15,25.51
2016-03-02,26.28,10.17,26.4,25.76
2016-03-03,26.28,10.2,26.41,25.77
2016-03-04,26.31,10.23,26.44,25.79
2016-03-07,26.29,10.23,26.42,25.77
2016-03-08,26.02,10.16,26.14,25.51
2016-03-09,26.17,10.19,26.29,25.65
2016-03-10,26.09,10.18,26.21,25.57
2016-03-11,26.7,10.3,26.82,26.17
2016-03-14,26.69,10.29,26.82,26.16
2016-03-15,26.74,10.24,26.86,26.21
2016-03-16,27.05,10.31,27.18,26.51
2016-03-17,27.43,10.37,27.56,26.88
2016-03-18,27.27,10.4,27.4,26.73
2016-03-21,27.01,10.4,27.14,26.47
2016-03-22,27,10.4,27.13,26.46
2016-03-23,26.81,10.34,26.92,26.3
2016-03-24,26.8,10.33,26.92,26.29
2016-03-28,27.05,10.34,27.17,26.54
2016-03-29,27.64,10.42,27.76,27.11
2016-03-30,27.56,10.46,27.68,27.03
2016-03-31,27.74,10.46,27.86,27.21
2016-04-04,27.71,10.45,27.83,27.18
2016-04-05,27.46,10.37,27.58,26.93
2016-04-06,27.52,10.45,27.64,26.99
2016-04-07,27.33,10.38,27.45,26.81
2016-04-08,27.48,10.41,27.6,26.95
2016-04-11,27.41,10.4,27.53,26.88
2016-04-12,27.58,10.45,27.7,27.05
2016-04-13,27.47,10.53,27.59,26.94
2016-04-14,27.31,10.52,27.43,26.78
2016-04-15,27.47,10.52,27.6,26.94
2016-04-18,27.6,10.57,27.72,27.07
2016-04-19,27.6,10.61,27.72,27.06
2016-04-20,27.16,10.61,27.29,26.64
2016-04-21,26.71,10.58,26.83,26.19
2016-04-22,26.97,10.57,27.09,26.45
2016-04-25,27.23,10.55,27.35,26.7
2016-04-26,27.32,10.57,27.45,26.79
2016-04-27,27.33,10.59,27.45,26.8
2016-04-28,27.25,10.55,27.37,26.72
2016-04-29,27.01,10.53,27.13,26.48
2016-05-02,27.48,10.57,27.6,26.94
2016-05-03,27.5,10.5,27.63,26.96
2016-05-04,27.93,10.46,28.05,27.38
2016-05-05,28.02,10.46,28.15,27.47
2016-05-06,28.31,10.47,28.44,27.76
2016-05-09,28.58,10.48,28.71,28.02
2016-05-10,28.64,10.55,28.78,28.08
2016-05-11,27.99,10.51,28.12,27.44
2016-05-12,28.15,10.5,28.28,27.6
2016-05-13,27.86,10.45,27.99,27.31
2016-05-16,28.16,10.51,28.29,27.6
2016-05-17,27.62,10.47,27.75,27.08
2016-05-18,27.29,10.45,27.41,26.75
2016-05-19,27.03,10.41,27.16,26.5
2016-05-20,27.27,10.46,27.4,26.73
2016-05-23,27.26,10.46,27.38,26.72
2016-05-24,27.58,10.54,27.7,27.03
2016-05-25,27.57,10.59,27.7,27.03
2016-05-26,27.65,10.6,27.78,27.1
2016-05-27,27.78,10.61,27.91,27.22
2016-05-31,27.77,NA,27.9,27.21
2016-06-01,27.8,10.63,27.93,27.24
2016-06-02,27.93,10.66,28.06,27.38
2016-06-03,28.06,10.68,28.19,27.5
2016-06-06,27.87,10.71,28,27.31
2016-06-07,28.02,10.73,28.16,27.46
2016-06-08,28.2,10.76,28.33,27.63
2016-06-09,28.29,10.73,28.43,27.73
2016-06-10,28.14,10.62,28.27,27.57
2016-06-13,28.17,10.58,28.3,27.6
2016-06-14,28.08,10.53,28.21,27.51
2016-06-15,28.34,10.55,28.47,27.77
2016-06-16,28.51,10.54,28.65,27.94
2016-06-17,28.48,10.54,28.61,27.9
2016-06-20,28.52,10.61,28.65,27.94
2016-06-21,28.64,10.61,28.78,28.06
2016-06-22,28.49,10.61,28.62,27.95
2016-06-23,28.63,10.71,28.75,28.08
2016-06-24,28.32,10.42,28.44,27.78
2016-06-27,28.31,10.28,28.43,27.77
2016-06-28,28.94,10.41,29.07,28.39
2016-06-29,29.29,10.54,29.42,28.73
2016-06-30,29.61,10.62,29.74,29.04
2016-07-01,29.57,10.66,29.7,29
2016-07-05,29.86,10.6,29.99,29.29
2016-07-06,29.73,10.62,29.86,29.16
2016-07-07,29.46,10.62,29.59,28.89
2016-07-08,29.9,10.73,30.04,29.33
2016-07-11,30.09,10.77,30.22,29.5
2016-07-12,30.05,10.82,30.19,29.47
2016-07-13,30.21,10.83,30.34,29.63
2016-07-14,29.89,10.85,30.02,29.31
2016-07-15,29.86,10.83,29.99,29.28
2016-07-18,29.9,10.85,30.03,29.32
2016-07-19,30.06,10.83,30.19,29.47
2016-07-20,30.04,10.86,30.18,29.46
2016-07-21,30.1,10.85,30.24,29.51
2016-07-22,30.33,10.88,30.46,29.74
2016-07-25,30.26,10.86,30.39,29.67
2016-07-26,30.16,10.88,30.29,29.57
2016-07-27,29.97,10.9,30.11,29.39
2016-07-28,30.29,10.92,30.43,29.7
2016-07-29,30.7,10.95,30.84,30.09
2016-08-01,30.79,10.93,30.93,30.19
2016-08-02,30.29,10.89,30.43,29.7
2016-08-03,30.07,10.91,30.21,29.48
2016-08-04,29.98,10.93,30.11,29.39
2016-08-05,29.94,10.96,30.08,29.35
2016-08-08,29.98,10.96,30.12,29.39
2016-08-09,30.15,10.99,30.29,29.55
2016-08-10,30.15,10.99,30.29,29.55
2016-08-11,29.85,11.02,29.98,29.26
2016-08-12,29.99,11.02,30.13,29.39
2016-08-15,29.92,11.05,30.06,29.32
2016-08-16,29.55,11.01,29.69,28.97
2016-08-17,29.71,11.01,29.85,29.12
2016-08-18,29.66,11.04,29.8,29.07
2016-08-19,29.5,11.03,29.64,28.91
2016-08-22,29.66,11.03,29.8,29.07
2016-08-23,29.69,11.04,29.83,29.1
2016-08-24,29.51,10.99,29.65,28.92
2016-08-25,29.65,10.97,29.79,29.06
2016-08-26,29.38,10.95,29.52,28.79
2016-08-29,29.69,10.98,29.83,29.1
2016-08-30,29.63,10.96,29.77,29.04
2016-08-31,29.69,10.94,29.83,29.09
2016-09-01,29.61,10.97,29.76,29.02
2016-09-02,29.88,11.01,30.02,29.28
2016-09-06,30.1,11.06,30.24,29.49
2016-09-07,30.25,11.07,30.4,29.64
2016-09-08,29.89,11.04,30.04,29.29
2016-09-09,28.7,10.86,28.84,28.12
2016-09-12,29.05,10.94,29.19,28.46
2016-09-13,28.32,10.83,28.45,27.74
2016-09-14,28.43,10.84,28.57,27.85
2016-09-15,28.52,10.91,28.66,27.94
2016-09-16,28.49,10.87,28.63,27.91
2016-09-19,28.79,10.88,28.93,28.21
2016-09-20,28.7,10.88,28.84,28.12
2016-09-21,28.86,10.97,28.98,28.31
2016-09-22,29.39,11.04,29.52,28.83
2016-09-23,29.44,11,29.57,28.88
2016-09-26,29.51,10.95,29.64,28.94
2016-09-27,29.18,10.99,29.31,28.62
2016-09-28,29.43,11.03,29.56,28.87
2016-09-29,29.02,10.97,29.15,28.46
2016-09-30,28.87,11.02,28.99,28.31
2016-10-03,28.33,11,28.46,27.79
2016-10-04,27.92,10.96,28.04,27.38
2016-10-05,27.35,10.98,27.47,26.82
2016-10-06,27.38,10.96,27.5,26.85
2016-10-07,27.31,10.93,27.43,26.78
2016-10-10,27.53,10.96,27.65,26.99
2016-10-11,27.27,10.87,27.39,26.74
2016-10-12,27.59,10.87,27.71,27.05
2016-10-13,27.83,10.85,27.95,27.29
2016-10-14,27.72,10.85,27.84,27.17
2016-10-17,27.8,10.84,27.92,27.26
2016-10-18,28.01,10.9,28.14,27.46
2016-10-19,28.1,10.92,28.23,27.55
2016-10-20,28.06,10.92,28.19,27.51
2016-10-21,28.01,10.92,28.13,27.46
2016-10-24,28.11,10.94,28.24,27.56
2016-10-25,28.05,10.9,28.17,27.5
2016-10-26,27.57,10.86,27.7,27.03
2016-10-27,26.91,10.82,27.03,26.38
2016-10-28,26.92,10.81,27.04,26.39
2016-10-31,27.3,10.81,27.43,26.77
2016-11-01,26.65,10.77,26.77,26.13
2016-11-02,26.25,10.72,26.37,25.73
2016-11-03,26.09,10.69,26.21,25.57
2016-11-04,26.27,10.67,26.39,25.75
2016-11-07,26.67,10.78,26.8,26.15
2016-11-08,26.79,10.8,26.92,26.26
2016-11-09,26.37,10.82,26.49,25.85
2016-11-10,25.94,10.8,26.06,25.42
2016-11-11,26.09,10.75,26.21,25.57
2016-11-14,26.67,10.73,26.79,26.14
2016-11-15,26.46,10.78,26.58,25.93
2016-11-16,26.4,10.77,26.53,25.88
2016-11-17,26.13,10.8,26.25,25.61
2016-11-18,26.23,10.77,26.36,25.71
2016-11-21,26.19,10.83,26.32,25.67
2016-11-22,26.59,10.84,26.71,26.05
2016-11-23,26.53,10.83,26.66,26
2016-11-25,26.66,10.85,26.79,26.13
2016-11-28,26.76,10.83,26.89,26.22
2016-11-29,27.01,10.85,27.14,26.47
2016-11-30,26.69,10.83,26.82,26.15
2016-12-01,26.25,10.78,26.37,25.72
2016-12-02,26.48,10.79,26.61,25.95
2016-12-05,26.68,10.76,26.81,26.14
2016-12-06,26.79,10.86,26.92,26.25
2016-12-07,27.36,10.95,27.5,26.81
2016-12-08,24.66,10.97,24.77,24.14
2016-12-09,24.66,10.98,24.78,24.14
2016-12-12,24.81,10.96,24.93,24.29
2016-12-13,24.83,11,24.94,24.3
2016-12-14,24.23,10.92,24.34,23.72
2016-12-15,24.06,10.92,24.18,23.55
2016-12-16,24.43,10.91,24.55,23.92
2016-12-19,24.62,10.92,24.74,24.1
2016-12-20,24.68,10.95,24.8,24.16
2016-12-21,24.32,10.79,24.43,23.8
2016-12-22,24.28,10.78,24.4,23.77
2016-12-23,24.31,10.79,24.43,23.79
2016-12-27,24.37,10.81,24.49,23.85
2016-12-28,24.22,10.77,24.34,23.71
2016-12-29,24.52,10.79,24.64,24
2016-12-30,24.84,10.78,24.96,24.31
2017-01-03,24.9,10.83,25.02,24.37
2017-01-04,25.29,10.89,25.42,24.75
2017-01-05,25.37,10.92,25.49,24.82
2017-01-06,25.38,10.92,25.5,24.83
2017-01-09,25.13,10.91,25.25,24.59
2017-01-10,24.88,10.92,25,24.35
2017-01-11,24.71,10.95,24.83,24.18
2017-01-12,24.86,10.94,24.98,24.33
2017-01-13,24.83,10.96,24.95,24.29
2017-01-17,25.01,10.95,25.13,24.47
2017-01-18,25.07,10.95,25.19,24.53
2017-01-19,24.82,10.92,24.94,24.29
2017-01-20,24.97,10.94,25.09,24.43
2017-01-23,25.18,10.95,25.31,24.63
2017-01-24,25.17,10.99,25.29,24.62
2017-01-25,24.97,11.04,25.1,24.43
2017-01-26,24.92,11.04,25.04,24.38
2017-01-27,24.6,11.04,24.72,24.06
2017-01-30,24.44,10.98,24.56,23.91
2017-01-31,24.62,11,24.74,24.08
2017-02-01,24.29,11.01,24.41,23.76
2017-02-02,24.62,11.02,24.75,24.08
2017-02-03,24.76,11.07,24.88,24.22
2017-02-06,24.73,11.05,24.85,24.19
2017-02-07,24.58,11.04,24.7,24.04
2017-02-08,24.76,11.06,24.89,24.22
2017-02-09,24.86,11.09,24.99,24.32
2017-02-10,25.03,11.12,25.16,24.48
2017-02-13,25.04,11.15,25.17,24.49
2017-02-14,24.9,11.16,25.02,24.35
2017-02-15,24.81,11.19,24.94,24.27
2017-02-16,24.99,11.2,25.12,24.44
2017-02-17,25.04,11.2,25.16,24.48
2017-02-21,25.35,11.23,25.48,24.79
2017-02-22,25.28,11.23,25.41,24.72
2017-02-23,25.45,11.23,25.58,24.89
2017-02-24,25.6,11.23,25.73,25.03
2017-02-27,25.74,11.24,25.87,25.17
2017-02-28,25.56,11.22,25.69,24.99
2017-03-01,25.44,11.3,25.58,24.88
2017-03-02,25.36,11.24,25.5,24.8
2017-03-03,25.26,11.26,25.39,24.69
2017-03-06,25.08,11.23,25.21,24.52
2017-03-07,24.94,11.2,25.07,24.39
2017-03-08,24.53,11.17,24.66,23.98
2017-03-09,24.15,11.16,24.28,23.62
2017-03-10,24.11,11.2,24.24,23.57
2017-03-13,24.18,11.22,24.31,23.64
2017-03-14,24.18,11.18,24.31,23.64
2017-03-15,24.67,11.28,24.8,24.11
2017-03-16,24.64,11.28,24.77,24.09
2017-03-17,24.73,11.28,24.86,24.17
2017-03-20,24.72,11.27,24.85,24.17
2017-03-21,24.62,11.2,24.76,24.07
2017-03-22,24.57,11.21,24.69,24.04
2017-03-23,24.74,11.21,24.86,24.21
2017-03-24,24.73,11.22,24.85,24.2
2017-03-27,24.49,11.23,24.61,23.97
2017-03-28,24.62,11.26,24.74,24.09
2017-03-29,24.73,11.29,24.85,24.2
2017-03-30,24.77,11.29,24.89,24.24
2017-03-31,24.9,11.29,25.02,24.36
2017-04-03,24.97,11.28,25.09,24.44
2017-04-04,24.99,11.28,25.11,24.45
2017-04-05,25.03,11.26,25.15,24.49
2017-04-06,25.17,11.28,25.29,24.62
2017-04-07,25.19,11.27,25.31,24.64
2017-04-10,25.36,11.28,25.49,24.81
2017-04-11,25.54,11.29,25.67,24.99
2017-04-12,25.5,11.27,25.63,24.95
2017-04-13,25.42,11.24,25.55,24.87
2017-04-17,25.73,11.29,25.86,25.17
2017-04-18,25.78,11.29,25.9,25.22
2017-04-19,25.72,11.28,25.84,25.16
2017-04-20,25.72,11.33,25.85,25.16
2017-04-21,25.62,11.32,25.75,25.06
2017-04-24,25.36,11.42,25.49,24.81
2017-04-25,25.46,11.46,25.58,24.9
2017-04-26,25.23,11.46,25.36,24.68
2017-04-27,25.17,11.46,25.3,24.62
2017-04-28,24.94,11.45,25.06,24.39
2017-05-01,25.08,11.46,25.2,24.53
2017-05-02,24.99,11.49,25.11,24.44
2017-05-03,24.66,11.46,24.79,24.12
2017-05-04,24.5,11.47,24.62,23.96
2017-05-05,24.7,11.51,24.83,24.16
2017-05-08,24.55,11.5,24.68,24.01
2017-05-09,24.4,11.49,24.52,23.86
2017-05-10,24.61,11.5,24.73,24.07
2017-05-11,24.49,11.49,24.61,23.95
2017-05-12,24.38,11.5,24.51,23.85
2017-05-15,24.49,11.54,24.62,23.95
2017-05-16,24.3,11.56,24.43,23.76
2017-05-17,24.38,11.45,24.51,23.84
2017-05-18,24.5,11.45,24.63,23.96
2017-05-19,24.64,11.51,24.77,24.1
2017-05-22,24.71,11.55,24.84,24.16
2017-05-23,24.74,11.54,24.87,24.19
2017-05-24,24.92,11.57,25.05,24.36
2017-05-25,24.9,11.6,25.03,24.35
2017-05-26,24.73,11.6,24.86,24.18
2017-05-30,24.61,11.59,24.74,24.07
2017-05-31,24.63,11.59,24.76,24.08
2017-06-01,24.74,11.65,24.87,24.18
2017-06-02,24.99,11.71,25.12,24.43
2017-06-05,24.88,11.69,25.01,24.32
2017-06-06,24.76,11.68,24.89,24.2
2017-06-07,24.89,11.68,25.02,24.33
2017-06-08,24.84,11.68,24.97,24.29
2017-06-09,24.99,11.65,25.12,24.43
2017-06-12,25.19,11.63,25.33,24.63
2017-06-13,25.24,11.68,25.38,24.67
2017-06-14,25.3,11.67,25.44,24.73
2017-06-15,25.41,11.63,25.55,24.84
2017-06-16,25.33,11.65,25.47,24.76
2017-06-19,25.33,11.71,25.47,24.76
2017-06-20,25.27,11.66,25.41,24.7
2017-06-21,25.17,11.66,25.29,24.63
2017-06-22,25.17,11.67,25.29,24.63
2017-06-23,25.29,11.69,25.42,24.75
2017-06-26,25.44,11.69,25.56,24.89
2017-06-28,25.29,11.71,25.42,24.75
2017-06-30,25.01,11.64,25.13,24.47
2017-07-03,25.28,11.64,25.4,24.73
2017-07-05,24.96,11.65,25.08,24.42
2017-07-06,24.44,11.58,24.56,23.92
2017-07-07,24.58,11.62,24.7,24.04
2017-07-10,24.31,11.63,24.43,23.78
2017-07-11,24.28,11.63,24.4,23.75
2017-07-12,24.58,11.7,24.7,24.05
2017-07-13,24.62,11.73,24.74,24.09
2017-07-14,24.84,11.77,24.96,24.3
2017-07-17,24.99,11.77,25.12,24.45
2017-07-18,24.95,11.79,25.08,24.41
2017-07-19,25.14,11.83,25.26,24.59
2017-07-20,25.01,11.83,25.14,24.47
2017-07-21,25.01,11.82,25.13,24.46
2017-07-24,24.98,11.82,25.1,24.43
2017-07-25,25.03,11.82,25.15,24.48
2017-07-26,25.2,11.84,25.33,24.65
2017-07-27,25.21,11.8,25.34,24.66
2017-07-28,25.16,11.81,25.29,24.61
2017-07-31,25.16,11.81,25.29,24.61
2017-08-01,25.29,11.83,25.42,24.74
2017-08-02,25.1,11.84,25.23,24.55
2017-08-03,25.07,11.82,25.2,24.52
2017-08-04,25.15,11.83,25.28,24.6
2017-08-07,25.09,11.85,25.22,24.53
2017-08-08,24.96,11.82,25.09,24.41
2017-08-09,24.92,11.8,25.05,24.37
2017-08-10,24.78,11.7,24.91,24.23
2017-08-11,24.64,11.71,24.77,24.1
2017-08-14,25.12,11.78,25.25,24.56
2017-08-15,25.06,11.76,25.19,24.51
2017-08-16,25.18,11.79,25.31,24.62
2017-08-17,25.03,11.7,25.16,24.48
2017-08-18,24.84,11.69,24.97,24.29
2017-08-21,25.09,11.7,25.22,24.53
2017-08-22,25.03,11.76,25.16,24.47
2017-08-23,25.25,11.76,25.38,24.68
2017-08-24,25.14,11.74,25.28,24.58
2017-08-25,25.26,11.77,25.4,24.7
2017-08-28,25.07,11.77,25.2,24.51
2017-08-29,25.02,11.77,25.16,24.46
2017-08-30,25.21,11.8,25.34,24.64
2017-08-31,25.38,11.86,25.52,24.82
2017-09-01,25.43,11.88,25.57,24.86
2017-09-05,25.35,11.84,25.49,24.78
2017-09-06,25.35,11.85,25.49,24.78
2017-09-07,25.47,11.87,25.61,24.9
2017-09-08,25.47,11.87,25.6,24.89
2017-09-11,25.71,11.93,25.85,25.14
2017-09-12,25.4,11.95,25.54,24.83
2017-09-13,25.3,11.94,25.44,24.73
2017-09-14,25.54,11.93,25.68,24.97
2017-09-15,25.58,11.94,25.72,25
2017-09-18,25.46,11.95,25.6,24.88
2017-09-19,25.31,11.96,25.45,24.74
2017-09-20,25.15,11.95,25.28,24.61
2017-09-21,25.09,11.93,25.21,24.55
2017-09-22,24.92,11.95,25.04,24.38
2017-09-25,25.06,11.92,25.19,24.52
2017-09-26,25.09,11.91,25.22,24.55
2017-09-27,24.88,11.93,25,24.34
2017-09-28,25.04,11.95,25.17,24.5
2017-09-29,25.1,11.99,25.23,24.56
2017-10-02,25.05,12.01,25.18,24.51
2017-10-03,25.05,12.03,25.18,24.51
2017-10-04,25.18,12.04,25.3,24.63
2017-10-05,25.26,12.06,25.39,24.72
2017-10-06,25.19,12.04,25.32,24.65
2017-10-09,25.25,12.03,25.38,24.71
2017-10-10,25.32,12.07,25.44,24.77
2017-10-11,25.4,12.08,25.52,24.85
2017-10-12,25.53,12.08,25.66,24.98
2017-10-13,25.59,12.1,25.72,25.03
2017-10-16,25.53,12.09,25.65,24.97
2017-10-17,25.56,12.09,25.69,25.01
2017-10-18,25.56,12.09,25.68,25
2017-10-19,25.46,12.08,25.59,24.9
2017-10-20,25.36,12.09,25.49,24.81
2017-10-23,25.24,12.06,25.37,24.68
2017-10-24,25.11,12.06,25.23,24.56
2017-10-25,25.03,12.03,25.16,24.48
2017-10-27,24.98,12.09,25.11,24.43
2017-10-30,24.97,12.09,25.1,24.42
2017-10-31,25,12.12,25.13,24.45
2017-11-01,25.08,12.12,25.21,24.53
2017-11-02,25.35,12.12,25.49,24.8
2017-11-03,25.27,12.14,25.41,24.72
2017-11-06,25.52,12.17,25.65,24.95
2017-11-07,25.67,12.14,25.8,25.1
2017-11-08,25.8,12.14,25.93,25.23
2017-11-09,25.8,12.1,25.94,25.23
2017-11-10,25.83,12.09,25.97,25.26
2017-11-13,25.89,12.08,26.03,25.32
2017-11-14,25.85,12.07,25.98,25.27
2017-11-15,25.61,12.03,25.74,25.04
2017-11-16,25.78,12.1,25.92,25.21
2017-11-17,25.67,12.1,25.81,25.1
2017-11-20,25.61,12.11,25.74,25.04
2017-11-21,25.81,12.17,25.94,25.23
2017-11-22,25.74,12.18,25.88,25.17
2017-11-24,25.78,12.21,25.91,25.2
2017-11-27,25.68,12.19,25.82,25.1
2017-11-28,25.61,12.25,25.75,25.04
2017-11-29,25.58,12.22,25.72,25.01
2017-11-30,25.62,12.26,25.75,25.04
2017-12-01,25.69,12.25,25.83,25.11
2017-12-04,25.49,12.24,25.63,24.92
2017-12-05,25.26,12.21,25.4,24.69
2017-12-06,25.24,12.19,25.38,24.67
2017-12-07,24.41,12.22,24.53,23.88
2017-12-08,24.51,12.26,24.63,23.98
2017-12-11,24.51,12.28,24.63,23.97
2017-12-12,24.63,12.28,24.75,24.09
2017-12-13,24.68,12.29,24.8,24.14
2017-12-14,24.69,12.26,24.81,24.15
2017-12-15,24.88,12.31,25,24.33
2017-12-18,25.02,12.36,25.15,24.47
2017-12-19,24.5,12.33,24.62,23.95
2017-12-20,24.21,12.12,24.33,23.67
2017-12-21,24.13,12.14,24.25,23.59
2017-12-22,24.26,12.15,24.38,23.72
2017-12-26,24.38,12.15,24.5,23.84
2017-12-27,24.45,12.17,24.57,23.91
2017-12-28,24.6,12.19,24.72,24.06
2017-12-29,24.59,12.17,24.71,24.05
2018-01-02,24.51,12.23,24.63,23.97
2018-01-03,24.5,12.29,24.62,23.96
2018-01-04,24.05,12.33,24.17,23.52
2018-01-05,24.09,12.38,24.21,23.56
2018-01-08,24.22,12.39,24.34,23.69
2018-01-09,23.93,12.4,24.05,23.4
2018-01-10,23.63,12.38,23.75,23.11
2018-01-11,23.55,12.44,23.67,23.03
2018-01-12,23.38,12.52,23.5,22.87
2018-01-16,23.44,12.5,23.56,22.92
2018-01-17,23.57,12.54,23.69,23.04
2018-01-18,23.31,12.53,23.42,22.79
2018-01-19,23.39,12.57,23.51,22.87
2018-01-22,23.63,12.63,23.75,23.1
2018-01-23,23.95,12.67,24.08,23.42
2018-01-24,23.85,12.66,23.97,23.32
2018-01-25,23.83,12.64,23.96,23.3
2018-01-26,23.78,12.72,23.9,23.25
2018-01-29,23.46,12.66,23.58,22.93
2018-01-30,23.28,12.56,23.4,22.76
2018-01-31,23.75,12.59,23.87,23.22
2018-02-01,23.23,12.58,23.35,22.71
2018-02-02,23.02,12.4,23.14,22.51
2018-02-05,22.33,12.11,22.45,21.83
2018-02-06,22.32,12.2,22.43,21.82
2018-02-07,22.22,12.16,22.33,21.72
2018-02-08,21.56,11.9,21.67,21.07
2018-02-09,22.11,11.96,22.22,21.61
2018-02-12,22.16,12.07,22.28,21.66
2018-02-13,22.31,12.08,22.43,21.81
2018-02-14,22.22,12.2,22.33,21.72
2018-02-15,22.38,12.29,22.5,21.88
2018-02-16,22.5,12.29,22.62,21.99
2018-02-20,22.24,12.24,22.36,21.74
2018-02-21,21.82,12.21,21.93,21.33
2018-02-22,22.11,12.22,22.22,21.61
2018-02-23,22.5,12.33,22.62,21.99
2018-02-26,22.51,12.4,22.63,22
2018-02-27,22.04,12.28,22.16,21.54
2018-02-28,22.07,12.2,22.19,21.57
2018-03-01,22.05,12.11,22.16,21.54
2018-03-02,22,12.14,22.12,21.5
2018-03-05,22.25,12.22,22.37,21.74
2018-03-06,22.37,12.26,22.49,21.86
2018-03-07,22.51,12.27,22.63,21.99
2018-03-08,22.57,12.29,22.69,22.06
2018-03-09,22.75,12.4,22.87,22.22
2018-03-12,22.84,12.41,22.97,22.32
2018-03-13,22.86,12.36,22.98,22.33
2018-03-14,22.91,12.34,23.04,22.39
2018-03-15,22.92,12.34,23.04,22.39
2018-03-16,23.08,12.34,23.2,22.55
2018-03-19,22.86,12.24,22.98,22.33
2018-03-20,22.81,12.24,22.93,22.28
2018-03-21,22.62,12.25,22.73,22.1
2018-03-22,22.48,12.09,22.59,21.96
2018-03-23,22.09,11.95,22.21,21.58
2018-03-26,22.37,12.12,22.48,21.85
2018-03-27,22.44,12.02,22.55,21.92
2018-03-28,22.94,11.99,23.06,22.41
2018-03-29,22.95,12.09,23.07,22.42
2018-04-02,22.57,11.96,22.69,22.05
2018-04-03,22.77,12.02,22.89,22.24
2018-04-04,22.99,12.07,23.11,22.46
2018-04-05,22.97,12.13,23.09,22.43
2018-04-06,22.79,12.01,22.91,22.26
2018-04-11,22.79,12.13,22.91,22.26
2018-04-12,22.51,12.17,22.63,21.99
2018-04-13,22.67,12.15,22.79,22.14
2018-04-16,22.81,12.2,22.93,22.28
2018-04-17,23.11,12.27,23.23,22.57
2018-04-18,23.07,12.29,23.19,22.53
2018-04-19,22.76,12.24,22.88,22.23
2018-04-20,22.59,12.18,22.71,22.06
2018-04-23,22.56,12.16,22.68,22.03
2018-04-24,22.63,12.08,22.75,22.1
2018-04-25,22.59,12.07,22.71,22.06
2018-04-26,22.88,12.12,23,22.34
2018-04-30,23.12,12.09,23.25,22.58
2018-05-01,23.26,12.1,23.39,22.71
2018-05-02,23.17,12.07,23.3,22.62
2018-05-03,23.12,12.07,23.24,22.57
2018-05-04,23.39,12.14,23.52,22.84
2018-05-07,23.49,12.16,23.62,22.94
2018-05-08,23.37,12.16,23.49,22.81
2018-05-09,23.51,12.21,23.63,22.95
2018-05-10,23.71,12.27,23.84,23.15
2018-05-11,23.62,12.29,23.74,23.05
2018-05-14,23.41,12.29,23.54,22.85
2018-05-15,23.01,12.22,23.14,22.46
2018-05-16,22.92,12.25,23.05,22.38
2018-05-17,22.8,12.24,22.92,22.26
2018-05-18,22.83,12.22,22.96,22.29
2018-05-21,23.09,12.27,23.22,22.54
2018-05-22,23.12,12.25,23.24,22.56
2018-05-23,23.34,12.26,23.47,22.79
2018-05-24,23.28,12.25,23.41,22.73
2018-05-25,23.36,12.24,23.49,22.8
2018-05-29,23.44,12.16,23.57,22.88
2018-05-30,23.79,12.25,23.93,23.22
2018-05-31,23.71,12.22,23.84,23.14
2018-06-01,23.82,12.28,23.95,23.24
2018-06-04,24.05,12.32,24.18,23.47
2018-06-05,23.94,12.34,24.08,23.37
2018-06-06,24.02,12.39,24.16,23.44
2018-06-07,24,12.38,24.13,23.42
2018-06-08,24.08,12.39,24.22,23.5
2018-06-11,24,12.4,24.13,23.42
2018-06-12,24.08,12.41,24.21,23.5
2018-06-13,23.63,12.38,23.77,23.06
2018-06-14,23.85,12.39,23.99,23.28
2018-06-15,23.83,12.36,23.96,23.25
2018-06-18,23.81,12.34,23.94,23.23
2018-06-19,23.73,12.29,23.87,23.16
2018-06-20,23.92,12.3,24.04,23.37
2018-06-21,23.99,12.25,24.12,23.44
2018-06-22,24.14,12.28,24.27,23.58
2018-06-25,24.11,12.15,24.24,23.55
2018-06-26,24.16,12.17,24.28,23.6
2018-06-27,24.08,12.1,24.2,23.52
2018-06-28,24.29,12.11,24.41,23.72
2018-06-29,24.35,12.14,24.48,23.79
2018-07-02,24.22,12.13,24.34,23.65
2018-07-03,24.38,12.13,24.5,23.81
2018-07-05,24.64,12.18,24.76,24.06
2018-07-06,24.76,12.25,24.89,24.18
2018-07-09,24.6,12.32,24.73,24.02
2018-07-10,24.64,12.34,24.77,24.07
2018-07-11,24.62,12.27,24.75,24.04
2018-07-12,24.69,12.34,24.82,24.11
2018-07-13,24.64,12.36,24.77,24.06
2018-07-16,24.48,12.34,24.61,23.91
2018-07-17,24.29,12.37,24.42,23.72
2018-07-18,24.24,12.39,24.36,23.67
2018-07-19,24.51,12.35,24.64,23.93
2018-07-20,24.28,12.36,24.41,23.71
2018-07-23,24.24,12.35,24.36,23.66
2018-07-24,24.1,12.37,24.22,23.53
2018-07-25,24.3,12.44,24.43,23.73
2018-07-26,24.36,12.41,24.49,23.78
2018-07-27,24.16,12.39,24.29,23.59
2018-07-30,24.17,12.35,24.3,23.6
2018-07-31,24.6,12.37,24.73,24.02
2018-08-01,24.75,12.35,24.89,24.17
2018-08-02,24.72,12.35,24.86,24.14
2018-08-03,24.98,12.38,25.11,24.38
2018-08-06,24.94,12.4,25.08,24.35
2018-08-07,24.87,12.41,25.01,24.28
2018-08-08,24.77,12.41,24.9,24.18
2018-08-09,24.76,12.41,24.9,24.17
2018-08-10,24.54,12.33,24.67,23.95
2018-08-13,24.54,12.27,24.68,23.96
2018-08-14,24.66,12.31,24.8,24.07
2018-08-15,24.85,12.23,24.98,24.25
2018-08-16,25.04,12.28,25.18,24.45
2018-08-17,25.27,12.3,25.41,24.67
2018-08-20,25.26,12.34,25.4,24.65
2018-08-21,25.07,12.36,25.21,24.47
2018-08-22,24.98,12.38,25.12,24.38
2018-08-23,24.94,12.35,25.08,24.34
2018-08-24,25.09,12.4,25.23,24.49
2018-08-27,25.03,12.48,25.17,24.43
2018-08-28,25.35,12.47,25.49,24.74
2018-08-29,25.34,12.51,25.48,24.73
2018-08-30,25.24,12.46,25.38,24.63
2018-08-31,25.32,12.45,25.46,24.71
2018-09-04,25.06,12.4,25.2,24.46
2018-09-05,25.17,12.35,25.31,24.56
2018-09-06,25.22,12.32,25.36,24.61
2018-09-07,24.99,12.29,25.13,24.38
2018-09-10,25.09,12.31,25.23,24.48
2018-09-11,25.1,12.32,25.25,24.5
2018-09-12,25.09,12.34,25.23,24.48
2018-09-13,25.23,12.38,25.38,24.62
2018-09-14,25.06,12.38,25.21,24.45
2018-09-17,25.2,12.35,25.34,24.59
2018-09-18,25.07,12.37,25.21,24.46
2018-09-19,24.63,12.4,24.76,24.06
2018-09-20,24.86,12.47,24.99,24.28
2018-09-21,24.88,12.47,25.01,24.3
2018-09-24,24.4,12.43,24.53,23.83
2018-09-25,24.41,12.44,24.54,23.84
2018-09-26,24.11,12.42,24.23,23.54
2018-09-27,24.22,12.43,24.35,23.66
2018-09-28,24.58,12.41,24.71,24
2018-10-01,24.35,12.42,24.48,23.78
2018-10-02,24.29,12.4,24.41,23.72
2018-10-03,24.05,12.4,24.18,23.49
2018-10-04,23.86,12.31,23.98,23.3
2018-10-05,23.86,12.25,23.99,23.3
2018-10-08,24.21,12.22,24.34,23.64
2018-10-09,24.33,12.21,24.45,23.75
2018-10-10,23.96,11.98,24.09,23.4
2018-10-11,23.25,11.88,23.38,22.7
2018-10-12,23.19,11.96,23.31,22.64
2018-10-15,23.32,11.94,23.44,22.77
2018-10-16,23.79,12.1,23.91,23.23
2018-10-17,23.76,12.06,23.88,23.2
2018-10-18,23.72,11.94,23.84,23.16
2018-10-19,23.86,11.93,23.98,23.29
2018-10-22,23.56,11.9,23.68,23
2018-10-23,23.65,11.84,23.78,23.09
2018-10-24,23.86,11.63,23.99,23.3
2018-10-25,24.19,11.74,24.32,23.62
2018-10-26,23.57,11.65,23.7,23.01
2018-10-29,23.81,11.6,23.94,23.24
2018-10-30,24.01,11.67,24.14,23.44
2018-10-31,23.73,11.75,23.86,23.17
2018-11-01,23.85,11.86,23.98,23.28
2018-11-02,23.68,11.84,23.81,23.11
2018-11-05,24.09,11.85,24.22,23.51
2018-11-06,24.17,11.89,24.3,23.59
2018-11-07,24.47,12.02,24.6,23.89
2018-11-08,24.46,11.96,24.59,23.87
2018-11-09,24.45,11.88,24.59,23.87
2018-11-12,24.45,11.73,24.59,23.87
2018-11-13,24.47,11.73,24.6,23.88
2018-11-14,24.38,11.71,24.52,23.8
2018-11-15,24.19,11.77,24.32,23.61
2018-11-16,24.44,11.78,24.58,23.86
2018-11-19,24.46,11.68,24.6,23.87
2018-11-20,24.24,11.54,24.37,23.66
2018-11-21,24.28,11.62,24.41,23.69
2018-11-23,24.25,11.58,24.38,23.66
2018-11-26,24.3,11.67,24.44,23.71
2018-11-27,24.42,11.67,24.56,23.83
2018-11-28,24.68,11.81,24.82,24.09
2018-11-29,24.7,11.81,24.84,24.1
2018-11-30,24.89,11.83,25.03,24.29
2018-12-03,25.11,11.94,25.25,24.5
2018-12-04,24.67,11.73,24.81,24.07
2018-12-06,25.3,11.68,25.44,24.68
2018-12-07,24.95,11.57,25.09,24.34
2018-12-10,24.75,11.53,24.9,24.15
2018-12-11,24.76,11.53,24.91,24.16
2018-12-12,24.34,11.59,24.48,23.75
2018-12-13,23.77,11.58,23.89,23.2
2018-12-14,23.67,11.48,23.8,23.11
2018-12-17,22.75,11.35,22.87,22.21
2018-12-18,22.98,11.35,23.1,22.43
2018-12-19,22.74,11.28,22.86,22.2
2018-12-20,22.46,10.89,22.58,21.92
2018-12-21,22.18,10.77,22.3,21.65
2018-12-24,21.24,10.66,21.35,20.73
2018-12-26,21.96,10.89,22.08,21.43
2018-12-27,22,10.91,22.11,21.47
2018-12-28,22.08,10.94,22.2,21.55
2018-12-31,22.16,10.99,22.28,21.63
2019-01-02,21.62,10.97,21.73,21.1
2019-01-03,21.72,10.88,21.84,21.2
2019-01-04,21.97,11.08,22.09,21.44
2019-01-07,22.16,11.15,22.28,21.62
2019-01-08,22.61,11.21,22.73,22.06
2019-01-09,22.59,11.29,22.71,22.04
2019-01-10,22.94,11.3,23.06,22.38
2019-01-11,23.03,11.3,23.15,22.47
2019-01-14,22.96,11.26,23.08,22.4
2019-01-15,23.19,11.33,23.31,22.63
2019-01-16,23.35,11.35,23.48,22.79
2019-01-17,23.45,11.39,23.58,22.88
2019-01-18,23.5,11.47,23.63,22.93
2019-01-22,23.44,11.38,23.57,22.87
2019-01-23,23.42,11.4,23.55,22.85
2019-01-24,23.45,11.43,23.58,22.88
2019-01-25,23.74,11.51,23.87,23.16
2019-01-28,24,11.47,24.13,23.41
2019-01-29,24.21,11.47,24.34,23.62
2019-01-30,24.42,11.57,24.56,23.83
2019-01-31,24.65,11.65,24.79,24.05
2019-02-01,24.5,11.65,24.63,23.9
2019-02-04,24.71,11.69,24.85,24.11
2019-02-05,24.84,11.73,24.97,24.23
2019-02-06,24.7,11.71,24.84,24.09
2019-02-07,24.96,11.63,25.1,24.34
2019-02-08,24.99,11.62,25.13,24.37
2019-02-11,25.06,11.62,25.2,24.44
2019-02-12,24.83,11.71,24.97,24.22
2019-02-13,24.96,11.72,25.1,24.35
2019-02-14,25.06,11.72,25.2,24.45
2019-02-15,25.19,11.79,25.33,24.57
2019-02-19,25.2,11.82,25.35,24.58
2019-02-20,25.03,11.84,25.17,24.41
2019-02-21,25.09,11.82,25.24,24.47
2019-02-22,25.23,11.88,25.37,24.6
2019-02-25,25.07,11.91,25.21,24.45
2019-02-26,25.02,11.91,25.16,24.39
2019-02-27,24.86,11.89,25.01,24.25
2019-02-28,24.91,11.87,25.05,24.29
2019-03-01,24.82,11.91,24.96,24.2
2019-03-04,24.94,11.9,25.08,24.32
2019-03-05,25.03,11.9,25.17,24.4
2019-03-06,24.89,11.86,25.03,24.27
2019-03-07,24.86,11.78,25,24.24
2019-03-08,24.89,11.77,25.04,24.27
2019-03-11,25.17,11.86,25.32,24.55
2019-03-12,25.28,11.89,25.43,24.65
2019-03-13,25.36,11.93,25.51,24.73
2019-03-14,25.46,11.92,25.61,24.82
2019-03-15,25.33,11.97,25.48,24.7
2019-03-18,25.17,12.01,25.32,24.54
2019-03-19,25.07,12.01,25.22,24.44
2019-03-20,25.03,12.01,25.17,24.42
2019-03-21,25.46,12.06,25.59,24.84
2019-03-22,25.33,11.92,25.47,24.72
2019-03-25,25.31,11.92,25.45,24.7
2019-03-26,25.58,11.97,25.72,24.96
2019-03-27,25.52,11.94,25.66,24.9
2019-03-28,25.74,11.96,25.88,25.12
2019-03-29,25.66,12.01,25.8,25.03
2019-04-01,25.67,12.09,25.81,25.05
2019-04-02,25.82,12.1,25.96,25.19
2019-04-03,25.81,12.13,25.95,25.18
2019-04-04,25.76,12.13,25.9,25.13
2019-04-05,25.88,12.17,26.03,25.25
2019-04-08,25.76,12.17,25.9,25.13
2019-04-09,25.6,12.13,25.74,24.97
2019-04-10,25.89,12.17,26.03,25.25
2019-04-11,25.89,12.15,26.03,25.26
2019-04-12,26.01,12.2,26.15,25.37
2019-04-15,25.91,12.2,26.05,25.27
2019-04-16,25.31,12.19,25.45,24.69
2019-04-17,24.97,12.18,25.11,24.36
2019-04-18,25.22,12.19,25.36,24.6
2019-04-22,24.89,12.19,25.03,24.28
2019-04-23,25.24,12.24,25.38,24.62
2019-04-24,25.52,12.23,25.66,24.89
2019-04-25,25.59,12.2,25.73,24.96
2019-04-26,25.75,12.23,25.9,25.12
2019-04-29,25.47,12.25,25.62,24.84
2019-04-30,25.72,12.26,25.86,25.08
2019-05-01,25.76,12.21,25.9,25.12
2019-05-02,25.77,12.19,25.91,25.13
2019-05-03,25.97,12.27,26.12,25.32
2019-05-06,25.86,12.21,26,25.21
2019-05-07,25.39,12.1,25.53,24.75
2019-05-08,25.35,12.08,25.49,24.72
2019-05-09,25.45,12.04,25.59,24.81
2019-05-10,25.72,12.1,25.87,25.08
2019-05-13,25.68,11.93,25.82,25.04
2019-05-14,25.77,12,25.92,25.13
2019-05-15,25.93,12.04,26.08,25.28
2019-05-16,26.11,12.09,26.26,25.46
2019-05-17,26.07,12.03,26.22,25.42
2019-05-20,25.72,11.97,25.87,25.08
2019-05-21,25.97,12.03,26.12,25.32
2019-05-22,26.01,12.02,26.16,25.36
2019-05-23,26.06,11.93,26.21,25.41
2019-05-24,26.13,11.98,26.28,25.47
2019-05-28,25.83,11.94,25.98,25.18
2019-05-29,25.51,11.89,25.66,24.87
2019-05-30,25.56,11.92,25.71,24.92
2019-05-31,25.65,11.87,25.8,25
2019-06-03,25.74,11.9,25.9,25.09
2019-06-04,25.59,12,25.74,24.94
2019-06-05,26.14,12.04,26.3,25.48
2019-06-06,26.2,12.06,26.36,25.54
2019-06-07,26.23,12.15,26.39,25.57
2019-06-10,26.18,12.18,26.34,25.52
2019-06-11,26.2,12.2,26.35,25.53
2019-06-12,26.28,12.17,26.44,25.62
2019-06-13,26.44,12.2,26.59,25.76
2019-06-14,26.47,12.16,26.63,25.79
2019-06-17,26.69,12.17,26.85,26.01
2019-06-18,26.58,12.26,26.73,25.9
2019-06-19,26.75,12.31,26.91,26.07
2019-06-20,26.83,12.41,26.97,26.18
2019-06-21,26.49,12.37,26.63,25.85
2019-06-24,26.32,12.37,26.46,25.68
2019-06-25,25.99,12.31,26.13,25.35
2019-06-26,25.46,12.3,25.6,24.84
2019-06-27,25.73,12.35,25.87,25.1
2019-06-28,25.89,12.41,26.03,25.26
2019-07-01,25.89,12.47,26.03,25.25
2019-07-02,26.32,12.49,26.46,25.67
2019-07-03,26.65,12.55,26.79,26
2019-07-05,26.53,12.51,26.67,25.88
2019-07-08,26.63,12.46,26.77,25.97
2019-07-09,26.75,12.45,26.9,26.09
2019-07-10,26.93,12.48,27.07,26.26
2019-07-11,26.6,12.49,26.75,25.95
2019-07-12,26.55,12.52,26.7,25.9
2019-07-15,26.53,12.53,26.68,25.88
2019-07-16,26.47,12.51,26.61,25.82
2019-07-17,26.35,12.47,26.49,25.7
2019-07-18,26.4,12.5,26.54,25.75
2019-07-19,25.92,12.47,26.06,25.28
2019-07-22,25.89,12.48,26.03,25.25
2019-07-23,26.2,12.52,26.35,25.55
2019-07-24,26.2,12.56,26.34,25.55
2019-07-25,26.04,12.51,26.18,25.39
2019-07-26,26.17,12.54,26.31,25.52
2019-07-29,26.28,12.52,26.43,25.63
2019-07-30,26.37,12.5,26.52,25.71
2019-07-31,26.17,12.43,26.32,25.52
2019-08-01,26.14,12.38,26.29,25.49
2019-08-02,26.25,12.31,26.4,25.6
2019-08-05,25.74,12.09,25.89,25.1
2019-08-06,25.99,12.17,26.14,25.35
2019-08-07,26.24,12.19,26.39,25.59
2019-08-08,26.65,12.32,26.8,25.98
2019-08-09,26.61,12.26,26.77,25.95
2019-08-12,26.49,12.17,26.64,25.83
2019-08-13,26.5,12.23,26.66,25.84
2019-08-14,26.15,12.04,26.3,25.49
2019-08-15,26.39,12.06,26.54,25.72
2019-08-16,26.65,12.16,26.8,25.98
2019-08-19,26.88,12.22,27.04,26.21
2019-08-20,26.65,12.19,26.8,25.98
2019-08-21,26.76,12.25,26.91,26.09
2019-08-22,26.92,12.21,27.08,26.24
2019-08-23,26.55,12.08,26.71,25.88
2019-08-26,26.8,12.13,26.96,26.13
2019-08-27,26.73,12.12,26.89,26.06
2019-08-28,26.79,12.15,26.94,26.11
2019-08-29,27.04,12.23,27.2,26.36
2019-08-30,27.07,12.24,27.23,26.39
2019-09-03,27.32,12.2,27.48,26.63
2019-09-04,27.48,12.3,27.65,26.79
2019-09-05,27.24,12.36,27.4,26.55
2019-09-06,27.34,12.38,27.5,26.65
2019-09-09,27.13,12.41,27.29,26.44
2019-09-10,26.84,12.41,27,26.15
2019-09-11,26.85,12.47,27.01,26.17
2019-09-12,26.99,12.49,27.16,26.31
2019-09-13,26.74,12.5,26.9,26.06
2019-09-16,27.04,12.5,27.21,26.36
2019-09-17,27.32,12.5,27.49,26.62
2019-09-18,27.23,12.49,27.39,26.54
2019-09-19,27.23,12.49,27.37,26.56
2019-09-20,27.23,12.48,27.37,26.56
2019-09-23,27.32,12.47,27.47,26.65
2019-09-24,27.25,12.41,27.4,26.59
2019-09-25,27.36,12.42,27.51,26.7
2019-09-26,27.62,12.41,27.77,26.95
2019-09-27,27.51,12.36,27.66,26.84
2019-09-30,27.55,12.39,27.7,26.87
2019-10-01,27.39,12.28,27.54,26.72
2019-10-02,27.28,12.16,27.43,26.61
2019-10-03,27.58,12.23,27.73,26.91
2019-10-04,27.76,12.31,27.91,27.08
2019-10-07,27.7,12.27,27.86,27.02
2019-10-08,27.57,12.16,27.72,26.89
2019-10-09,27.66,12.22,27.81,26.98
2019-10-10,27.69,12.27,27.85,27.01
2019-10-11,27.63,12.38,27.79,26.95
2019-10-14,27.65,12.36,27.8,26.97
2019-10-15,27.73,12.44,27.88,27.04
2019-10-16,27.73,12.43,27.89,27.05
2019-10-17,27.79,12.46,27.95,27.11
2019-10-18,27.99,12.46,28.14,27.29
2019-10-21,28.23,12.51,28.39,27.53
2019-10-22,28.14,12.51,28.3,27.45
2019-10-23,28.18,12.53,28.34,27.48
2019-10-24,28.25,12.55,28.41,27.55
2019-10-25,28.01,12.59,28.17,27.31
2019-10-28,27.87,12.63,28.02,27.17
2019-10-29,27.96,12.64,28.11,27.26
2019-10-30,28.23,12.65,28.39,27.52
2019-10-31,28.21,12.62,28.37,27.51
2019-11-01,28.16,12.73,28.32,27.46
2019-11-04,27.89,12.79,28.05,27.2
2019-11-05,27.33,12.78,27.48,26.65
2019-11-06,27.47,12.77,27.63,26.79
2019-11-07,27.2,12.79,27.35,26.52
2019-11-08,27.17,12.79,27.33,26.49
2019-11-11,27.24,12.77,27.4,26.56
2019-11-12,27.04,12.77,27.19,26.36
2019-11-13,27.34,12.75,27.5,26.66
2019-11-14,27.58,12.76,27.74,26.89
2019-11-15,27.72,12.82,27.88,27.02
2019-11-18,27.82,12.81,27.98,27.12
2019-11-19,27.9,12.8,28.07,27.2
2019-11-20,27.9,12.77,28.07,27.2
2019-11-21,27.49,12.74,27.65,26.8
2019-11-22,27.45,12.77,27.61,26.76
2019-11-25,27.52,12.85,27.68,26.83
2019-11-26,27.89,12.86,28.06,27.19
2019-11-27,28.06,12.88,28.22,27.35
2019-11-29,27.93,12.83,28.09,27.22
2019-12-02,27.49,12.76,27.66,26.8
2019-12-03,27.68,12.73,27.84,26.98
2019-12-04,27.75,12.79,27.91,27.05
2019-12-05,27.74,12.8,27.91,27.04
2019-12-06,27.73,12.88,27.89,27.03
2019-12-09,27.76,12.86,27.93,27.06
2019-12-10,27.62,12.86,27.78,26.92
2019-12-11,27.25,12.89,27.42,26.56
2019-12-12,26.81,12.96,26.97,26.13
2019-12-13,25.78,12.99,25.92,25.14
2019-12-16,25.95,13.05,26.09,25.3
2019-12-17,25.66,13.06,25.81,25.02
2019-12-18,25.88,13.06,26.02,25.23
2019-12-19,26.02,13.07,26.16,25.37
2019-12-20,26.14,11.84,26.29,25.49
2019-12-23,25.98,11.85,26.13,25.33
2019-12-24,26.04,11.87,26.19,25.39
2019-12-26,26.19,11.9,26.34,25.53
2019-12-27,26.3,11.91,26.45,25.64
2019-12-30,26.32,11.87,26.47,25.66
2019-12-31,26.54,11.88,26.69,25.87
2020-01-02,26.12,11.95,26.27,25.47
2020-01-03,26.41,11.9,26.56,25.74
2020-01-06,26.44,11.9,26.59,25.77
2020-01-07,26.13,11.9,26.28,25.48
2020-01-08,26.23,11.92,26.38,25.57
2020-01-09,26.24,11.97,26.39,25.58
2020-01-10,26.45,11.96,26.6,25.78
2020-01-13,26.75,12.01,26.9,26.07
2020-01-14,26.61,12.02,26.76,25.93
2020-01-15,26.86,12.03,27.01,26.18
2020-01-16,27.14,12.08,27.3,26.45
2020-01-17,27.15,12.09,27.31,26.46
2020-01-21,27.44,12.03,27.59,26.74
2020-01-22,27.22,12.04,27.38,26.53
2020-01-23,27.48,12.03,27.64,26.78
2020-01-24,27.43,11.97,27.59,26.73
2020-01-27,27.32,11.82,27.48,26.62
2020-01-28,27.44,11.89,27.6,26.74
2020-01-29,27.44,11.87,27.6,26.74
2020-01-30,27.49,11.85,27.65,26.79
2020-01-31,27.18,11.73,27.34,26.49
2020-02-03,27.25,11.76,27.41,26.55
2020-02-04,27.52,11.89,27.68,26.81
2020-02-05,27.47,11.97,27.63,26.76
2020-02-06,27.59,11.97,27.76,26.89
2020-02-07,27.61,11.91,27.77,26.9
2020-02-10,27.9,11.94,28.06,27.18
2020-02-11,27.94,11.98,28.11,27.22
2020-02-12,28.04,12.03,28.21,27.32
2020-02-13,28.27,12.02,28.43,27.54
2020-02-14,28.59,12.02,28.76,27.85
2020-02-18,28.56,11.98,28.73,27.83
2020-02-19,28.17,12.03,28.34,27.45
2020-02-20,28.54,11.98,28.71,27.8
2020-02-21,28.61,11.92,28.78,27.87
2020-02-24,28.2,11.65,28.37,27.47
2020-02-25,27.4,11.48,27.56,26.69
2020-02-26,27.05,11.44,27.21,26.35
2020-02-27,25.6,11.17,25.76,24.94
2020-02-28,25.07,11.12,25.22,24.42
2020-03-02,26.04,11.35,26.19,25.36
2020-03-03,26.01,11.25,26.17,25.33
2020-03-04,27.02,11.48,27.18,26.32
2020-03-05,26.4,11.27,26.56,25.71
2020-03-06,25.9,11.13,26.06,25.23
2020-03-09,23.92,10.49,24.07,23.3
2020-03-10,24.98,10.74,25.14,24.33
2020-03-11,23.33,10.39,23.47,22.72
2020-03-12,21.02,9.68,21.15,20.48
2020-03-13,22.8,10.11,22.95,22.21
2020-03-16,18.47,9.33,18.58,17.99
2020-03-17,19.6,9.49,19.72,19.09
2020-03-18,17.69,9.02,17.8,17.23
2020-03-19,17.74,9.04,17.85,17.27
2020-03-20,16.95,8.97,17.05,16.51
2020-03-23,16.21,8.85,16.31,15.78
2020-03-24,17.64,9.28,17.74,17.17
2020-03-25,18.54,9.46,18.65,18.05
2020-03-26,19.72,9.84,19.84,19.2
2020-03-27,20.02,9.65,20.14,19.49
2020-03-30,20.35,9.77,20.47,19.81
2020-03-31,19.99,9.74,20.11,19.46
2020-04-01,18.6,9.48,18.71,18.1
2020-04-02,18.6,9.57,18.71,18.11
2020-04-03,18.31,9.45,18.42,17.82
2020-04-06,19.7,9.81,19.82,19.18
2020-04-07,19.78,9.86,19.9,19.25
2020-04-08,21.03,10.02,21.16,20.47
2020-04-09,22.18,10.18,22.32,21.59
2020-04-13,21.26,10.11,21.39,20.7
2020-04-14,21.87,10.29,22.01,21.29
2020-04-15,20.37,10.12,20.5,19.81
2020-04-16,20.02,10.13,20.15,19.47
2020-04-17,20.66,10.34,20.79,20.09
2020-04-20,NA,10.24,NA,NA
2020-04-21,NA,10.05,NA,NA
2020-04-22,NA,10.19,NA,NA
2020-04-23,NA,10.21,NA,NA
2020-04-24,NA,10.26,NA,NA
2020-04-27,NA,10.39,NA,NA
2020-04-28,NA,10.43,NA,NA
2020-04-29,NA,10.63,NA,NA
2020-04-30,NA,10.55,NA,NA
2020-05-01,NA,10.37,NA,NA
2020-05-04,NA,10.36,NA,NA
2020-05-05,NA,10.42,NA,NA
2020-05-06,NA,10.39,NA,NA
2020-05-07,NA,10.49,NA,NA
2020-05-08,NA,10.61,NA,NA
2020-05-11,NA,10.59,NA,NA
2020-05-12,NA,10.5,NA,NA
2020-05-13,NA,10.07,NA,NA
2020-05-14,NA,10.09,NA,NA
2020-05-15,NA,10.11,NA,NA
2020-05-18,NA,10.36,NA,NA
2020-05-19,NA,10.31,NA,NA
2020-05-20,NA,10.45,NA,NA
2020-05-21,NA,10.41,NA,NA
2020-05-22,NA,10.4,NA,NA
2020-05-26,NA,10.56,NA,NA
2020-05-27,NA,10.65,NA,NA
2020-05-28,NA,10.65,NA,NA
2020-05-29,NA,10.67,NA,NA
2020-06-01,NA,10.76,NA,NA
2020-06-02,NA,10.85,NA,NA
2020-06-03,NA,10.98,NA,NA
2020-06-04,NA,10.98,NA,NA
2020-06-05,NA,11.18,NA,NA
2020-06-08,NA,11.29,NA,NA
2020-06-09,NA,11.18,NA,NA
2020-06-10,NA,11.11,NA,NA
2020-06-11,NA,10.67,NA,NA
2020-06-12,NA,10.79,NA,NA
2020-06-15,NA,10.84,NA,NA
2020-06-16,NA,10.97,NA,NA
2020-06-17,NA,10.95,NA,NA
2020-06-18,NA,10.94,NA,NA
2020-06-19,NA,10.92,NA,NA
2020-06-22,NA,10.96,NA,NA
2020-06-23,NA,10.99,NA,NA
2020-06-24,NA,10.8,NA,NA
2020-06-25,NA,10.86,NA,NA
2020-06-26,NA,10.73,NA,NA
2020-06-29,NA,10.82,NA,NA
2020-06-30,NA,10.89,NA,NA
2020-07-01,NA,10.9,NA,NA
2020-07-02,NA,10.96,NA,NA
2020-07-06,NA,11.06,NA,NA
2020-07-07,NA,10.97,NA,NA
2020-07-08,NA,11.03,NA,NA
2020-07-09,NA,10.96,NA,NA
2020-07-10,NA,11.03,NA,NA
2020-07-13,NA,10.98,NA,NA
2020-07-14,NA,11.05,NA,NA
2020-07-15,NA,11.18,NA,NA
2020-07-16,NA,11.14,NA,NA
2020-07-17,NA,11.17,NA,NA
2020-07-20,NA,11.2,NA,NA
2020-07-21,NA,11.28,NA,NA
2020-07-22,NA,11.31,NA,NA
2020-07-23,NA,11.28,NA,NA
2020-07-24,NA,11.22,NA,NA
2020-07-27,NA,11.3,NA,NA
2020-07-28,NA,11.25,NA,NA
2020-07-29,NA,11.36,NA,NA
2020-07-30,NA,11.33,NA,NA
2020-07-31,NA,11.31,NA,NA
2020-08-03,NA,11.36,NA,NA
2020-08-04,NA,11.4,NA,NA
2020-08-05,NA,11.48,NA,NA
2020-08-06,NA,11.48,NA,NA
2020-08-07,NA,11.5,NA,NA
2020-08-10,NA,11.52,NA,NA
2020-08-11,NA,11.49,NA,NA
2020-08-12,NA,11.55,NA,NA
2020-08-13,NA,11.54,NA,NA
2020-08-14,NA,11.52,NA,NA
2020-08-17,NA,11.56,NA,NA
2020-08-18,NA,11.56,NA,NA
2020-08-19,NA,11.53,NA,NA
2020-08-20,NA,11.52,NA,NA
2020-08-21,NA,11.51,NA,NA
2020-08-24,NA,11.58,NA,NA
2020-08-25,NA,11.59,NA,NA
2020-08-26,NA,11.62,NA,NA
2020-08-27,NA,11.6,NA,NA
2020-08-28,NA,11.65,NA,NA
2020-08-31,NA,11.61,NA,NA
2020-09-01,NA,11.68,NA,NA
2020-09-02,NA,11.79,NA,NA
2020-09-03,NA,11.58,NA,NA
2020-09-04,NA,11.51,NA,NA
2020-09-08,NA,11.37,NA,NA
2020-09-09,NA,11.47,NA,NA
2020-09-10,NA,11.38,NA,NA
2020-09-11,NA,11.4,NA,NA
2020-09-14,NA,11.5,NA,NA
2020-09-15,NA,11.53,NA,NA
2020-09-16,NA,11.53,NA,NA
2020-09-17,NA,11.49,NA,NA
2020-09-18,NA,11.44,NA,NA
2020-09-21,NA,11.29,NA,NA
2020-09-22,NA,11.34,NA,NA
2020-09-23,NA,11.21,NA,NA
2020-09-24,NA,11.21,NA,NA
2020-09-25,NA,11.29,NA,NA
2020-09-28,NA,11.41,NA,NA
2020-09-29,NA,11.4,NA,NA
2020-09-30,NA,11.42,NA,NA
2020-10-01,NA,11.48,NA,NA
2020-10-02,NA,11.47,NA,NA
2020-10-05,NA,11.59,NA,NA
2020-10-06,NA,11.56,NA,NA
2020-10-07,NA,11.65,NA,NA
2020-10-08,NA,11.73,NA,NA
2020-10-09,NA,11.78,NA,NA
2020-10-12,NA,11.85,NA,NA
2020-10-13,NA,11.81,NA,NA
2020-10-14,NA,11.77,NA,NA
2020-10-15,NA,11.77,NA,NA
2020-10-16,NA,11.78,NA,NA
2020-10-19,NA,11.7,NA,NA
2020-10-20,NA,11.73,NA,NA
2020-10-21,NA,11.71,NA,NA
2020-10-22,NA,11.76,NA,NA
2020-10-23,NA,11.79,NA,NA
2020-10-26,NA,11.67,NA,NA
2020-10-27,NA,11.62,NA,NA
2020-10-28,NA,11.41,NA,NA
2020-10-29,NA,11.46,NA,NA
2020-10-30,NA,11.38,NA,NA
2020-11-02,NA,11.48,NA,NA
2020-11-03,NA,11.63,NA,NA
2020-11-04,NA,11.74,NA,NA
2020-11-05,NA,11.91,NA,NA
2020-11-06,NA,11.9,NA,NA
2020-11-09,NA,12.03,NA,NA
2020-11-10,NA,12.07,NA,NA
2020-11-11,NA,12.11,NA,NA
2020-11-12,NA,12.03,NA,NA
2020-11-13,NA,12.15,NA,NA
2020-11-16,NA,12.26,NA,NA
2020-11-17,NA,12.26,NA,NA
2020-11-18,NA,12.2,NA,NA
2020-11-19,NA,12.25,NA,NA
2020-11-20,NA,12.25,NA,NA
2020-11-23,NA,12.3,NA,NA
2020-11-24,NA,12.4,NA,NA
2020-11-25,NA,12.37,NA,NA
2020-11-27,NA,12.43,NA,NA
2020-11-30,NA,12.35,NA,NA
2020-12-01,NA,12.43,NA,NA
2020-12-02,NA,12.42,NA,NA
2020-12-03,NA,12.48,NA,NA
2020-12-04,NA,12.57,NA,NA
2020-12-07,NA,12.55,NA,NA
2020-12-08,NA,12.59,NA,NA
2020-12-09,NA,12.54,NA,NA
2020-12-10,NA,12.57,NA,NA
2020-12-11,NA,12.57,NA,NA
2020-12-14,NA,12.56,NA,NA
2020-12-15,NA,12.67,NA,NA
2020-12-16,NA,12.68,NA,NA
2020-12-17,NA,12.76,NA,NA
2020-12-18,NA,12.74,NA,NA
2020-12-21,NA,11.73,NA,NA
2020-12-22,NA,11.75,NA,NA
2020-12-23,NA,11.78,NA,NA
2020-12-24,NA,11.8,NA,NA
2020-12-28,NA,11.81,NA,NA
2020-12-29,NA,11.79,NA,NA
2020-12-30,NA,11.83,NA,NA
2020-12-31,NA,11.85,NA,NA
2021-01-04,NA,11.78,NA,NA
2021-01-05,NA,11.87,NA,NA
2021-01-06,NA,11.98,NA,NA
2021-01-07,NA,12.06,NA,NA
2021-01-08,NA,12.09,NA,NA
2021-01-11,NA,12.05,NA,NA
2021-01-12,NA,12.09,NA,NA
2021-01-13,NA,12.07,NA,NA
2021-01-14,NA,12.12,NA,NA
2021-01-15,NA,12.04,NA,NA
2021-01-19,NA,12.13,NA,NA
2021-01-20,NA,12.21,NA,NA
2021-01-21,NA,12.18,NA,NA
2021-01-22,NA,12.17,NA,NA
2021-01-25,NA,12.17,NA,NA
2021-01-26,NA,12.12,NA,NA
2021-01-27,NA,11.93,NA,NA
2021-01-28,NA,11.98,NA,NA
2021-01-29,NA,11.85,NA,NA
2021-02-01,NA,11.99,NA,NA
2021-02-02,NA,12.1,NA,NA
2021-02-03,NA,12.08,NA,NA
2021-02-04,NA,12.16,NA,NA
2021-02-05,NA,12.22,NA,NA
2021-02-08,NA,12.32,NA,NA
2021-02-09,NA,12.38,NA,NA
2021-02-10,NA,12.36,NA,NA
2021-02-11,NA,12.4,NA,NA
2021-02-12,NA,12.44,NA,NA
2021-02-16,NA,12.42,NA,NA
2021-02-17,NA,12.38,NA,NA
2021-02-18,NA,12.32,NA,NA
2021-02-19,NA,12.35,NA,NA
2021-02-22,NA,12.25,NA,NA
2021-02-23,NA,12.23,NA,NA
2021-02-24,NA,12.3,NA,NA
2021-02-25,NA,12.09,NA,NA
2021-02-26,NA,12.06,NA,NA
2021-03-01,NA,12.23,NA,NA
2021-03-02,NA,12.16,NA,NA
2021-03-03,NA,12.05,NA,NA
2021-03-04,NA,11.88,NA,NA
2021-03-05,NA,11.98,NA,NA
2021-03-08,NA,11.92,NA,NA
2021-03-09,NA,12.05,NA,NA
2021-03-10,NA,12.11,NA,NA
2021-03-11,NA,12.24,NA,NA
2021-03-12,NA,12.23,NA,NA
2021-03-15,NA,12.28,NA,NA
2021-03-16,NA,12.25,NA,NA
2021-03-17,NA,12.25,NA,NA
2021-03-18,NA,12.13,NA,NA
2021-03-19,NA,12.16,NA,NA
2021-03-22,NA,12.18,NA,NA
2021-03-23,NA,12.07,NA,NA
2021-03-24,NA,11.98,NA,NA
2021-03-25,NA,12.03,NA,NA
2021-03-26,NA,12.16,NA,NA
2021-03-29,NA,12.09,NA,NA
2021-03-30,NA,12.11,NA,NA
2021-03-31,NA,12.15,NA,NA
2021-04-01,NA,12.27,NA,NA
2021-04-05,NA,12.33,NA,NA
2021-04-06,NA,12.35,NA,NA
2021-04-07,NA,12.3,NA,NA
2021-04-08,NA,12.38,NA,NA
2021-04-09,NA,12.39,NA,NA
2021-04-12,NA,12.39,NA,NA
2021-04-13,NA,12.42,NA,NA
2021-04-14,NA,12.42,NA,NA
2021-04-15,NA,12.52,NA,NA
2021-04-16,NA,12.53,NA,NA
2021-04-19,NA,12.48,NA,NA
2021-04-20,NA,12.4,NA,NA
2021-04-21,NA,12.48,NA,NA
2021-04-22,NA,12.47,NA,NA
2021-04-23,NA,12.57,NA,NA
2021-04-26,NA,12.59,NA,NA
2021-04-27,NA,12.57,NA,NA
2021-04-28,NA,12.58,NA,NA
2021-04-29,NA,12.59,NA,NA
2021-04-30,NA,12.5,NA,NA
2021-05-03,NA,12.52,NA,NA
2021-05-04,NA,12.45,NA,NA
2021-05-05,NA,12.47,NA,NA
2021-05-06,NA,12.5,NA,NA
2021-05-07,NA,12.58,NA,NA
2021-05-10,NA,12.48,NA,NA
2021-05-11,NA,12.41,NA,NA
2021-05-12,NA,12.21,NA,NA
2021-05-13,NA,12.27,NA,NA
2021-05-14,NA,12.41,NA,NA
2021-05-17,NA,12.38,NA,NA
2021-05-18,NA,12.37,NA,NA
2021-05-19,NA,12.33,NA,NA
2021-05-20,NA,12.44,NA,NA
2021-05-21,NA,12.44,NA,NA
2021-05-24,NA,12.49,NA,NA
2021-05-25,NA,12.5,NA,NA
2021-05-26,NA,12.54,NA,NA
2021-05-27,NA,12.56,NA,NA
2021-05-28,NA,12.59,NA,NA
2021-06-01,NA,12.62,NA,NA
2021-06-02,NA,12.62,NA,NA
2021-06-03,NA,12.57,NA,NA
2021-06-04,NA,12.64,NA,NA
2021-06-07,NA,12.65,NA,NA
2021-06-08,NA,12.67,NA,NA
2021-06-09,NA,12.65,NA,NA
2021-06-10,NA,12.7,NA,NA
2021-06-11,NA,12.72,NA,NA
2021-06-14,NA,12.72,NA,NA
2021-06-15,NA,12.7,NA,NA
2021-06-16,NA,12.64,NA,NA
2021-06-17,NA,12.63,NA,NA
2021-06-18,NA,12.55,NA,NA
2021-06-21,NA,12.63,NA,NA
2021-06-22,NA,12.65,NA,NA
2021-06-23,NA,12.65,NA,NA
2021-06-24,NA,12.71,NA,NA
2021-06-25,NA,12.73,NA,NA
2021-06-28,NA,12.74,NA,NA
2021-06-29,NA,12.73,NA,NA
2021-06-30,NA,12.71,NA,NA
2021-07-01,NA,12.73,NA,NA
2021-07-02,NA,12.76,NA,NA
2021-07-06,NA,12.73,NA,NA
2021-07-07,NA,12.75,NA,NA
2021-07-08,NA,12.67,NA,NA
2021-07-09,NA,12.76,NA,NA
2021-07-12,NA,12.79,NA,NA
2021-07-13,NA,12.74,NA,NA
2021-07-14,NA,12.74,NA,NA
2021-07-15,NA,12.72,NA,NA
2021-07-16,NA,12.67,NA,NA
2021-07-19,NA,12.57,NA,NA
2021-07-20,NA,12.68,NA,NA
2021-07-21,NA,12.74,NA,NA
2021-07-22,NA,12.76,NA,NA
2021-07-23,NA,12.8,NA,NA
2021-07-26,NA,12.76,NA,NA
2021-07-27,NA,12.72,NA,NA
2021-07-28,NA,12.79,NA,NA
2021-07-29,NA,12.84,NA,NA
2021-07-30,NA,12.82,NA,NA
2021-08-02,NA,12.84,NA,NA
2021-08-03,NA,12.89,NA,NA
2021-08-04,NA,12.87,NA,NA
2021-08-05,NA,12.91,NA,NA
2021-08-06,NA,12.88,NA,NA
2021-08-09,NA,12.87,NA,NA
2021-08-10,NA,12.87,NA,NA
2021-08-11,NA,12.9,NA,NA
2021-08-12,NA,12.9,NA,NA
2021-08-13,NA,12.91,NA,NA
2021-08-16,NA,12.9,NA,NA
2021-08-17,NA,12.82,NA,NA
2021-08-18,NA,12.77,NA,NA
2021-08-19,NA,12.73,NA,NA
2021-08-20,NA,12.78,NA,NA
2021-08-23,NA,12.86,NA,NA
2021-08-24,NA,12.92,NA,NA
2021-08-25,NA,12.94,NA,NA
2021-08-26,NA,12.88,NA,NA
2021-08-27,NA,12.99,NA,NA
2021-08-30,NA,13.02,NA,NA
2021-08-31,NA,13.02,NA,NA
2021-09-01,NA,13.06,NA,NA
2021-09-02,NA,13.11,NA,NA
2021-09-03,NA,13.11,NA,NA
2021-09-07,NA,13.07,NA,NA
2021-09-08,NA,13.04,NA,NA
2021-09-09,NA,13.03,NA,NA
2021-09-10,NA,12.99,NA,NA
2021-09-13,NA,13,NA,NA
2021-09-14,NA,12.98,NA,NA
2021-09-15,NA,12.99,NA,NA
2021-09-16,NA,12.97,NA,NA
2021-09-17,NA,12.91,NA,NA
2021-09-20,NA,12.79,NA,NA
2021-09-21,NA,12.81,NA,NA
2021-09-22,NA,12.89,NA,NA
2021-09-23,NA,12.96,NA,NA
2021-09-24,NA,12.91,NA,NA
2021-09-27,NA,12.88,NA,NA
2021-09-28,NA,12.69,NA,NA
2021-09-29,NA,12.69,NA,NA
2021-09-30,NA,12.63,NA,NA
2021-10-01,NA,12.69,NA,NA
2021-10-04,NA,12.6,NA,NA
2021-10-05,NA,12.64,NA,NA
2021-10-06,NA,12.64,NA,NA
2021-10-07,NA,12.71,NA,NA
2021-10-08,NA,12.67,NA,NA
2021-10-11,NA,12.63,NA,NA
2021-10-12,NA,12.65,NA,NA
2021-10-13,NA,12.71,NA,NA
2021-10-14,NA,12.84,NA,NA
2021-10-15,NA,12.87,NA,NA
2021-10-18,NA,12.87,NA,NA
2021-10-19,NA,12.91,NA,NA
2021-10-20,NA,12.94,NA,NA
2021-10-21,NA,12.94,NA,NA
2021-10-22,NA,12.97,NA,NA
2021-10-25,NA,12.99,NA,NA
2021-10-26,NA,12.98,NA,NA
2021-10-27,NA,12.93,NA,NA
2021-10-28,NA,13.02,NA,NA
2021-10-29,NA,13,NA,NA
2021-11-01,NA,13.05,NA,NA
2021-11-02,NA,13.06,NA,NA
2021-11-03,NA,13.11,NA,NA
2021-11-04,NA,13.14,NA,NA
2021-11-05,NA,13.19,NA,NA
2021-11-08,NA,13.2,NA,NA
2021-11-09,NA,13.21,NA,NA
2021-11-10,NA,13.1,NA,NA
2021-11-11,NA,13.13,NA,NA
2021-11-12,NA,13.18,NA,NA
2021-11-15,NA,13.16,NA,NA
2021-11-16,NA,13.19,NA,NA
2021-11-17,NA,13.14,NA,NA
2021-11-18,NA,13.14,NA,NA
2021-11-19,NA,13.13,NA,NA
2021-11-22,NA,13.04,NA,NA
2021-11-23,NA,13,NA,NA
2021-11-24,NA,13.02,NA,NA
2021-11-26,NA,12.85,NA,NA
2021-11-29,NA,12.91,NA,NA
2021-11-30,NA,12.76,NA,NA
2021-12-01,NA,12.69,NA,NA
2021-12-02,NA,12.82,NA,NA
2021-12-03,NA,12.75,NA,NA
2021-12-06,NA,12.8,NA,NA
2021-12-07,NA,12.96,NA,NA
2021-12-08,NA,12.99,NA,NA
2021-12-09,NA,12.92,NA,NA
2021-12-10,NA,12.94,NA,NA
2021-12-13,NA,12.9,NA,NA
2021-12-14,NA,12.81,NA,NA
2021-12-15,NA,12.9,NA,NA
2021-12-16,NA,12.85,NA,NA
2021-12-17,NA,12.8,NA,NA
2021-12-20,NA,12.7,NA,NA
2021-12-21,NA,11.87,NA,NA
2021-12-22,NA,11.94,NA,NA
2021-12-23,NA,11.97,NA,NA
2021-12-27,NA,12.05,NA,NA
2021-12-28,NA,12.04,NA,NA
2021-12-29,NA,12.04,NA,NA
2021-12-30,NA,12.05,NA,NA
2021-12-31,NA,12.05,NA,NA
2022-01-03,NA,12,NA,NA
2022-01-04,NA,11.97,NA,NA
2022-01-05,NA,11.81,NA,NA
2022-01-06,NA,11.8,NA,NA
2022-01-07,NA,11.76,NA,NA
2022-01-10,NA,11.73,NA,NA
2022-01-11,NA,11.8,NA,NA
2022-01-12,NA,11.84,NA,NA
2022-01-13,NA,11.74,NA,NA
2022-01-14,NA,11.7,NA,NA
2022-01-18,NA,11.53,NA,NA
2022-01-19,NA,11.5,NA,NA
2022-01-20,NA,11.45,NA,NA
2022-01-21,NA,11.37,NA,NA
2022-01-24,NA,11.36,NA,NA
2022-01-25,NA,11.27,NA,NA
2022-01-26,NA,11.21,NA,NA
2022-01-27,NA,11.14,NA,NA
2022-01-28,NA,11.26,NA,NA
2022-01-31,NA,11.41,NA,NA
2022-02-01,NA,11.47,NA,NA
2022-02-02,NA,11.52,NA,NA
2022-02-03,NA,11.36,NA,NA
2022-02-04,NA,11.35,NA,NA
2022-02-07,NA,11.33,NA,NA
2022-02-08,NA,11.37,NA,NA
2022-02-09,NA,11.5,NA,NA
2022-02-10,NA,11.37,NA,NA
2022-02-11,NA,11.27,NA,NA
2022-02-14,NA,11.21,NA,NA
2022-02-15,NA,11.32,NA,NA
2022-02-16,NA,11.34,NA,NA
2022-02-17,NA,11.22,NA,NA
2022-02-18,NA,11.18,NA,NA
2022-02-22,NA,11.09,NA,NA
2022-02-23,NA,10.97,NA,NA
2022-02-24,NA,11,NA,NA
2022-02-25,NA,11.16,NA,NA
2022-02-28,NA,11.13,NA,NA
2022-03-01,NA,11.04,NA,NA
2022-03-02,NA,11.09,NA,NA
2022-03-03,NA,11.03,NA,NA
2022-03-04,NA,10.94,NA,NA
2022-03-07,NA,10.71,NA,NA
2022-03-08,NA,10.66,NA,NA
2022-03-09,NA,10.83,NA,NA
2022-03-10,NA,10.76,NA,NA
2022-03-11,NA,10.66,NA,NA
2022-03-14,NA,10.57,NA,NA
2022-03-15,NA,10.66,NA,NA
2022-03-16,NA,10.89,NA,NA
2022-03-17,NA,10.99,NA,NA
2022-03-18,NA,11.07,NA,NA
2022-03-21,NA,10.99,NA,NA
2022-03-22,NA,11.04,NA,NA
2022-03-23,NA,10.97,NA,NA
2022-03-24,NA,11.02,NA,NA
2022-03-25,NA,11,NA,NA
2022-03-28,NA,11.03,NA,NA
2022-03-29,NA,11.17,NA,NA
2022-03-30,NA,11.14,NA,NA
2022-03-31,NA,11.06,NA,NA
2022-04-01,NA,11.1,NA,NA
2022-04-04,NA,11.14,NA,NA
2022-04-05,NA,11.02,NA,NA
2022-04-06,NA,10.94,NA,NA
2022-04-07,NA,10.93,NA,NA
2022-04-08,NA,10.9,NA,NA
2022-04-11,NA,10.8,NA,NA
2022-04-12,NA,10.77,NA,NA
2022-04-13,NA,10.86,NA,NA
2022-04-14,NA,10.77,NA,NA
2022-04-18,NA,10.75,NA,NA
2022-04-19,NA,10.8,NA,NA
2022-04-20,NA,10.85,NA,NA
2022-04-21,NA,10.73,NA,NA
2022-04-22,NA,10.56,NA,NA
2022-04-25,NA,10.58,NA,NA
2022-04-26,NA,10.44,NA,NA
2022-04-27,NA,10.44,NA,NA
2022-04-28,NA,10.54,NA,NA
2022-04-29,NA,10.39,NA,NA
2022-05-02,NA,10.37,NA,NA
2022-05-03,NA,10.42,NA,NA
2022-05-04,NA,10.57,NA,NA
2022-05-05,NA,10.34,NA,NA
2022-05-06,NA,10.24,NA,NA
2022-05-09,NA,10.04,NA,NA
2022-05-10,NA,10.05,NA,NA
2022-05-11,NA,10.01,NA,NA
2022-05-12,NA,10.02,NA,NA
2022-05-13,NA,10.16,NA,NA
2022-05-16,NA,10.15,NA,NA
2022-05-17,NA,10.26,NA,NA
2022-05-18,NA,10.08,NA,NA
2022-05-19,NA,10.1,NA,NA
2022-05-20,NA,10.13,NA,NA
2022-05-23,NA,10.19,NA,NA
2022-05-24,NA,10.15,NA,NA
2022-05-25,NA,10.22,NA,NA
2022-05-26,NA,10.33,NA,NA
2022-05-27,NA,10.47,NA,NA
2022-05-31,NA,10.42,NA,NA
2022-06-01,NA,10.36,NA,NA
2022-06-02,NA,10.48,NA,NA
2022-06-03,NA,10.39,NA,NA
2022-06-06,NA,10.4,NA,NA
2022-06-07,NA,10.46,NA,NA
2022-06-08,NA,10.38,NA,NA
2022-06-09,NA,10.23,NA,NA
2022-06-10,NA,10.05,NA,NA
2022-06-13,NA,9.74,NA,NA
2022-06-14,NA,9.7,NA,NA
2022-06-15,NA,9.8,NA,NA
2022-06-16,NA,9.6,NA,NA
2022-06-17,NA,9.62,NA,NA
2022-06-21,NA,9.71,NA,NA
2022-06-22,NA,9.71,NA,NA
2022-06-23,NA,9.76,NA,NA
2022-06-24,NA,9.93,NA,NA
2022-06-27,NA,9.92,NA,NA
2022-06-28,NA,9.85,NA,NA
2022-06-29,NA,9.84,NA,NA
2022-06-30,NA,9.81,NA,NA
2022-07-01,NA,9.88,NA,NA
2022-07-05,NA,9.83,NA,NA
2022-07-06,NA,9.83,NA,NA
2022-07-07,NA,9.91,NA,NA
2022-07-08,NA,9.9,NA,NA
2022-07-11,NA,9.84,NA,NA
2022-07-12,NA,9.8,NA,NA
2022-07-13,NA,9.8,NA,NA
2022-07-14,NA,9.75,NA,NA
2022-07-15,NA,9.85,NA,NA
2022-07-18,NA,9.82,NA,NA
2022-07-19,NA,9.95,NA,NA
2022-07-20,NA,9.98,NA,NA
2022-07-21,NA,10.06,NA,NA
2022-07-22,NA,10.05,NA,NA
2022-07-25,NA,10.07,NA,NA
2022-07-26,NA,10.01,NA,NA
2022-07-27,NA,10.14,NA,NA
2022-07-28,NA,10.25,NA,NA
2022-07-29,NA,10.31,NA,NA
2022-08-01,NA,10.32,NA,NA
2022-08-02,NA,10.25,NA,NA
2022-08-03,NA,10.32,NA,NA
2022-08-04,NA,10.34,NA,NA
2022-08-05,NA,10.31,NA,NA
2022-08-08,NA,10.33,NA,NA
2022-08-09,NA,10.3,NA,NA
2022-08-10,NA,10.42,NA,NA
2022-08-11,NA,10.41,NA,NA
2022-08-12,NA,10.5,NA,NA
2022-08-15,NA,10.52,NA,NA
2022-08-16,NA,10.52,NA,NA
2022-08-17,NA,10.45,NA,NA
2022-08-18,NA,10.46,NA,NA
2022-08-19,NA,10.36,NA,NA
2022-08-22,NA,10.23,NA,NA
2022-08-23,NA,10.22,NA,NA
2022-08-24,NA,10.23,NA,NA
2022-08-25,NA,10.34,NA,NA
2022-08-26,NA,10.16,NA,NA
2022-08-29,NA,10.11,NA,NA
2022-08-30,NA,10.05,NA,NA
2022-08-31,NA,10.01,NA,NA
2022-09-01,NA,9.96,NA,NA
2022-09-02,NA,9.93,NA,NA
2022-09-06,NA,9.87,NA,NA
2022-09-07,NA,9.98,NA,NA
2022-09-08,NA,10,NA,NA
2022-09-09,NA,10.1,NA,NA
2022-09-12,NA,10.16,NA,NA
2022-09-13,NA,9.93,NA,NA
2022-09-14,NA,9.94,NA,NA
2022-09-15,NA,9.86,NA,NA
2022-09-16,NA,9.81,NA,NA
2022-09-19,NA,9.84,NA,NA
2022-09-20,NA,9.75,NA,NA
2022-09-21,NA,9.67,NA,NA
2022-09-22,NA,9.58,NA,NA
2022-09-23,NA,9.45,NA,NA
2022-09-26,NA,9.34,NA,NA
2022-09-27,NA,9.29,NA,NA
2022-09-28,NA,9.44,NA,NA
2022-09-29,NA,9.32,NA,NA
2022-09-30,NA,9.28,NA,NA
2022-10-03,NA,9.44,NA,NA
2022-10-04,NA,9.63,NA,NA
2022-10-05,NA,9.59,NA,NA
2022-10-06,NA,9.51,NA,NA
2022-10-07,NA,9.37,NA,NA
2022-10-10,NA,9.31,NA,NA
2022-10-11,NA,9.26,NA,NA
2022-10-12,NA,9.25,NA,NA
2022-10-13,NA,9.34,NA,NA
2022-10-14,NA,9.21,NA,NA
2022-10-17,NA,9.35,NA,NA
2022-10-18,NA,9.41,NA,NA
2022-10-19,NA,9.32,NA,NA
2022-10-20,NA,9.26,NA,NA
2022-10-21,NA,9.34,NA,NA
2022-10-24,NA,9.36,NA,NA
2022-10-25,NA,9.49,NA,NA
2022-10-26,NA,9.53,NA,NA
2022-10-27,NA,9.54,NA,NA
2022-10-28,NA,9.62,NA,NA
2022-10-31,NA,9.58,NA,NA
2022-11-01,NA,9.61,NA,NA
2022-11-02,NA,9.5,NA,NA
2022-11-03,NA,9.45,NA,NA
2022-11-04,NA,9.55,NA,NA
2022-11-07,NA,9.59,NA,NA
2022-11-08,NA,9.64,NA,NA
2022-11-09,NA,9.55,NA,NA
2022-11-10,NA,9.88,NA,NA
2022-11-11,NA,9.95,NA,NA
2022-11-14,NA,9.9,NA,NA
2022-11-15,NA,9.99,NA,NA
2022-11-16,NA,9.96,NA,NA
2022-11-17,NA,9.92,NA,NA
2022-11-18,NA,9.94,NA,NA
2022-11-21,NA,9.91,NA,NA
2022-11-22,NA,10,NA,NA
2022-11-23,NA,10.05,NA,NA
2022-11-25,NA,10.07,NA,NA
2022-11-28,NA,9.99,NA,NA
2022-11-29,NA,10,NA,NA
2022-11-30,NA,10.18,NA,NA
2022-12-01,NA,10.22,NA,NA
2022-12-02,NA,10.23,NA,NA
2022-12-05,NA,10.11,NA,NA
2022-12-06,NA,10.06,NA,NA
2022-12-07,NA,10.06,NA,NA
2022-12-08,NA,10.1,NA,NA
2022-12-09,NA,10.05,NA,NA
2022-12-12,NA,10.1,NA,NA
2022-12-13,NA,10.18,NA,NA
2022-12-14,NA,10.16,NA,NA
2022-12-15,NA,10.02,NA,NA
2022-12-16,NA,9.95,NA,NA
2022-12-19,NA,9.89,NA,NA
2022-12-20,NA,9.88,NA,NA
2022-12-21,NA,9.58,NA,NA
2022-12-22,NA,9.52,NA,NA
2022-12-23,NA,9.54,NA,NA
2022-12-27,NA,9.52,NA,NA
2022-12-28,NA,9.44,NA,NA
2022-12-29,NA,9.54,NA,NA
2022-12-30,NA,9.5,NA,NA
2023-01-03,NA,9.51,NA,NA
2023-01-04,NA,9.61,NA,NA
2023-01-05,NA,9.56,NA,NA
2023-01-06,NA,9.72,NA,NA
2023-01-09,NA,9.74,NA,NA
2023-01-10,NA,9.76,NA,NA
2023-01-11,NA,9.84,NA,NA
2023-01-12,NA,9.9,NA,NA
2023-01-13,NA,9.92,NA,NA
2023-01-17,NA,9.91,NA,NA
2023-01-18,NA,9.88,NA,NA
2023-01-19,NA,9.84,NA,NA
2023-01-20,NA,9.92,NA,NA
2023-01-23,NA,9.96,NA,NA
2023-01-24,NA,9.97,NA,NA
2023-01-25,NA,9.98,NA,NA
2023-01-26,NA,10.03,NA,NA
2023-01-27,NA,10.03,NA,NA
2023-01-30,NA,9.96,NA,NA
2023-01-31,NA,10.04,NA,NA
2023-02-01,NA,10.13,NA,NA
2023-02-02,NA,10.19,NA,NA
2023-02-03,NA,10.11,NA,NA
2023-02-06,NA,10.03,NA,NA
2023-02-07,NA,10.07,NA,NA
2023-02-08,NA,10.02,NA,NA
2023-02-09,NA,9.98,NA,NA
2023-02-10,NA,9.97,NA,NA
2023-02-13,NA,10.03,NA,NA
2023-02-14,NA,10.02,NA,NA
2023-02-15,NA,10.02,NA,NA
2023-02-16,NA,9.97,NA,NA
2023-02-17,NA,9.96,NA,NA
2023-02-21,NA,9.82,NA,NA
2023-02-22,NA,9.82,NA,NA
2023-02-23,NA,9.86,NA,NA
2023-02-24,NA,9.78,NA,NA
2023-02-27,NA,9.8,NA,NA
2023-02-28,NA,9.78,NA,NA
2023-03-01,NA,9.79,NA,NA
2023-03-02,NA,9.81,NA,NA
2023-03-03,NA,9.91,NA,NA
2023-03-06,NA,9.88,NA,NA
2023-03-07,NA,9.8,NA,NA
2023-03-08,NA,9.81,NA,NA
2023-03-09,NA,9.71,NA,NA
2023-03-10,NA,9.66,NA,NA
2023-03-13,NA,9.63,NA,NA
2023-03-14,NA,9.69,NA,NA
2023-03-15,NA,9.61,NA,NA
2023-03-16,NA,9.68,NA,NA
2023-03-17,NA,9.63,NA,NA
2023-03-20,NA,9.68,NA,NA
2023-03-21,NA,9.73,NA,NA
2023-03-22,NA,9.68,NA,NA
2023-03-23,NA,9.69,NA,NA
2023-03-24,NA,9.72,NA,NA
2023-03-27,NA,9.72,NA,NA
2023-03-28,NA,9.73,NA,NA
2023-03-29,NA,9.8,NA,NA
2023-03-30,NA,9.84,NA,NA
2023-03-31,NA,9.92,NA,NA
2023-04-03,NA,9.96,NA,NA
2023-04-04,NA,9.93,NA,NA
2023-04-05,NA,9.92,NA,NA
2023-04-06,NA,9.93,NA,NA
2023-04-10,NA,9.93,NA,NA
2023-04-11,NA,9.96,NA,NA
2023-04-12,NA,9.95,NA,NA
2023-04-13,NA,10.02,NA,NA
2023-04-14,NA,9.98,NA,NA
2023-04-17,NA,9.98,NA,NA
2023-04-18,NA,9.99,NA,NA
2023-04-19,NA,9.97,NA,NA
2023-04-20,NA,9.97,NA,NA
2023-04-21,NA,9.97,NA,NA
2023-04-24,NA,10,NA,NA
2023-04-25,NA,9.92,NA,NA
2023-04-26,NA,9.88,NA,NA
2023-04-27,NA,9.96,NA,NA
2023-04-28,NA,10.02,NA,NA
2023-05-01,NA,9.99,NA,NA
2023-05-02,NA,9.95,NA,NA
2023-05-03,NA,9.94,NA,NA
2023-05-04,NA,9.9,NA,NA
2023-05-05,NA,9.98,NA,NA
2023-05-08,NA,9.96,NA,NA
2023-05-09,NA,9.93,NA,NA
2023-05-10,NA,9.96,NA,NA
2023-05-11,NA,9.96,NA,NA
2023-05-12,NA,9.94,NA,NA
2023-05-15,NA,9.96,NA,NA
2023-05-16,NA,9.9,NA,NA
2023-05-17,NA,9.94,NA,NA
2023-05-18,NA,9.94,NA,NA
2023-05-19,NA,9.94,NA,NA
2023-05-22,NA,9.95,NA,NA
2023-05-23,NA,9.88,NA,NA
2023-05-24,NA,9.81,NA,NA
2023-05-25,NA,9.8,NA,NA
2023-05-26,NA,9.87,NA,NA
2023-05-30,NA,9.86,NA,NA
2023-05-31,NA,9.84,NA,NA
2023-06-01,NA,9.9,NA,NA
2023-06-02,NA,9.99,NA,NA
2023-06-05,NA,9.98,NA,NA
2023-06-06,NA,10.01,NA,NA
2023-06-07,NA,9.99,NA,NA
2023-06-08,NA,10.03,NA,NA
2023-06-09,NA,10.03,NA,NA
2023-06-12,NA,10.07,NA,NA
2023-06-13,NA,10.1,NA,NA
2023-06-14,NA,10.11,NA,NA
2023-06-15,NA,10.18,NA,NA
2023-06-16,NA,10.16,NA,NA
2023-06-20,NA,10.11,NA,NA
2023-06-21,NA,10.1,NA,NA
2023-06-22,NA,10.08,NA,NA
2023-06-23,NA,10.03,NA,NA
2023-06-26,NA,10.04,NA,NA
2023-06-27,NA,10.09,NA,NA
2023-06-28,NA,10.1,NA,NA
2023-06-29,NA,10.1,NA,NA
2023-06-30,NA,10.17,NA,NA
2023-07-03,NA,10.17,NA,NA
2023-07-05,NA,10.13,NA,NA
2023-07-06,NA,10.04,NA,NA
2023-07-07,NA,10.05,NA,NA
2023-07-10,NA,10.09,NA,NA
2023-07-11,NA,10.16,NA,NA
2023-07-12,NA,10.25,NA,NA
2023-07-13,NA,10.33,NA,NA
2023-07-14,NA,10.29,NA,NA
2023-07-17,NA,10.3,NA,NA
2023-07-18,NA,10.34,NA,NA
2023-07-19,NA,10.36,NA,NA
2023-07-20,NA,10.31,NA,NA
2023-07-21,NA,10.31,NA,NA
2023-07-24,NA,10.32,NA,NA
2023-07-25,NA,10.33,NA,NA
2023-07-26,NA,10.36,NA,NA
2023-07-27,NA,10.29,NA,NA
2023-07-28,NA,10.36,NA,NA
2023-07-31,NA,10.37,NA,NA
2023-08-01,NA,10.32,NA,NA
2023-08-02,NA,10.22,NA,NA
2023-08-03,NA,10.18,NA,NA
2023-08-04,NA,10.2,NA,NA
2023-08-07,NA,10.24,NA,NA
2023-08-08,NA,10.2,NA,NA
2023-08-09,NA,10.2,NA,NA
2023-08-10,NA,10.19,NA,NA
2023-08-11,NA,10.16,NA,NA
2023-08-14,NA,10.15,NA,NA
2023-08-15,NA,10.07,NA,NA
2023-08-16,NA,10.02,NA,NA
2023-08-17,NA,9.96,NA,NA
2023-08-18,NA,9.97,NA,NA
2023-08-21,NA,9.97,NA,NA
2023-08-22,NA,9.96,NA,NA
2023-08-23,NA,10.05,NA,NA
2023-08-24,NA,9.98,NA,NA
2023-08-25,NA,10,NA,NA
2023-08-28,NA,10.05,NA,NA
2023-08-29,NA,10.15,NA,NA
2023-08-30,NA,10.16,NA,NA
2023-08-31,NA,10.14,NA,NA
2023-09-01,NA,10.16,NA,NA
2023-09-05,NA,10.08,NA,NA
2023-09-06,NA,10.04,NA,NA
2023-09-07,NA,10.02,NA,NA
2023-09-08,NA,10.03,NA,NA
2023-09-11,NA,10.05,NA,NA
2023-09-12,NA,10.03,NA,NA
2023-09-13,NA,10.02,NA,NA
2023-09-14,NA,10.07,NA,NA
2023-09-15,NA,10.02,NA,NA
2023-09-18,NA,10.01,NA,NA
2023-09-19,NA,9.99,NA,NA
2023-09-20,NA,9.96,NA,NA
2023-09-21,NA,9.84,NA,NA
2023-09-22,NA,9.85,NA,NA
2023-09-25,NA,9.83,NA,NA
2023-09-26,NA,9.74,NA,NA
2023-09-27,NA,9.74,NA,NA
2023-09-28,NA,9.79,NA,NA
2023-09-29,NA,9.78,NA,NA
2023-10-02,NA,9.71,NA,NA
2023-10-03,NA,9.61,NA,NA
2023-10-04,NA,9.65,NA,NA
2023-10-05,NA,9.64,NA,NA
2023-10-06,NA,9.69,NA,NA
2023-10-09,NA,9.74,NA,NA
2023-10-10,NA,9.8,NA,NA
2023-10-11,NA,9.84,NA,NA
2023-10-12,NA,9.75,NA,NA
2023-10-13,NA,9.73,NA,NA
2023-10-16,NA,9.77,NA,NA
2023-10-17,NA,9.77,NA,NA
2023-10-18,NA,9.67,NA,NA
2023-10-19,NA,9.59,NA,NA
2023-10-20,NA,9.54,NA,NA
2023-10-23,NA,9.53,NA,NA
2023-10-24,NA,9.58,NA,NA
2023-10-25,NA,9.49,NA,NA
2023-10-26,NA,9.48,NA,NA
2023-10-27,NA,9.45,NA,NA
2023-10-30,NA,9.49,NA,NA
2023-10-31,NA,9.52,NA,NA
2023-11-01,NA,9.58,NA,NA
2023-11-02,NA,9.72,NA,NA
2023-11-03,NA,9.82,NA,NA
2023-11-06,NA,9.8,NA,NA
2023-11-07,NA,9.81,NA,NA
2023-11-08,NA,9.81,NA,NA
2023-11-09,NA,9.75,NA,NA
2023-11-10,NA,9.82,NA,NA
2023-11-13,NA,9.81,NA,NA
2023-11-14,NA,10,NA,NA
2023-11-15,NA,10,NA,NA
2023-11-16,NA,10,NA,NA
2023-11-17,NA,10.03,NA,NA
2023-11-20,NA,10.08,NA,NA
2023-11-21,NA,10.07,NA,NA
2023-11-22,NA,10.1,NA,NA
2023-11-24,NA,10.11,NA,NA
2023-11-27,NA,10.11,NA,NA
2023-11-28,NA,10.11,NA,NA
2023-11-29,NA,10.14,NA,NA
2023-11-30,NA,10.15,NA,NA
2023-12-01,NA,10.24,NA,NA
2023-12-04,NA,10.22,NA,NA
2023-12-05,NA,10.21,NA,NA
2023-12-06,NA,10.21,NA,NA
2023-12-07,NA,10.24,NA,NA
2023-12-08,NA,10.25,NA,NA
2023-12-11,NA,10.28,NA,NA
2023-12-12,NA,10.31,NA,NA
2023-12-13,NA,10.43,NA,NA
2023-12-14,NA,10.53,NA,NA
2023-12-15,NA,10.49,NA,NA
2023-12-18,NA,10.51,NA,NA
2023-12-19,NA,10.57,NA,NA
2023-12-20,NA,10.39,NA,NA
2023-12-21,NA,10.47,NA,NA
2023-12-22,NA,10.48,NA,NA
2023-12-26,NA,10.52,NA,NA
2023-12-27,NA,10.56,NA,NA
2023-12-28,NA,10.56,NA,NA
2023-12-29,NA,10.53,NA,NA
2024-01-02,NA,10.46,NA,NA
2024-01-03,NA,10.38,NA,NA
2024-01-04,NA,10.36,NA,NA
2024-01-05,NA,10.36,NA,NA
2024-01-08,NA,10.45,NA,NA
2024-01-09,NA,10.42,NA,NA
2024-01-10,NA,10.44,NA,NA
2024-01-11,NA,10.44,NA,NA
2024-01-12,NA,10.45,NA,NA
2024-01-16,NA,10.37,NA,NA
2024-01-17,NA,10.31,NA,NA
2024-01-18,NA,10.35,NA,NA
2024-01-19,NA,10.41,NA,NA
2024-01-22,NA,10.44,NA,NA
2024-01-23,NA,10.43,NA,NA
2024-01-24,NA,10.43,NA,NA
2024-01-25,NA,10.48,NA,NA
2024-01-26,NA,10.49,NA,NA
2024-01-29,NA,10.55,NA,NA
2024-01-30,NA,10.55,NA,NA
2024-01-31,NA,10.48,NA,NA
2024-02-01,NA,10.58,NA,NA
2024-02-02,NA,10.56,NA,NA
2024-02-05,NA,10.49,NA,NA
2024-02-06,NA,10.53,NA,NA
2024-02-07,NA,10.56,NA,NA
2024-02-08,NA,10.57,NA,NA
2024-02-09,NA,10.59,NA,NA
2024-02-12,NA,10.62,NA,NA
2024-02-13,NA,10.48,NA,NA
2024-02-14,NA,10.56,NA,NA
2024-02-15,NA,10.63,NA,NA
2024-02-16,NA,10.61,NA,NA
2024-02-20,NA,10.59,NA,NA
2024-02-21,NA,10.59,NA,NA
2024-02-22,NA,10.68,NA,NA
2024-02-23,NA,10.7,NA,NA
2024-02-26,NA,10.68,NA,NA
2024-02-27,NA,10.69,NA,NA
2024-02-28,NA,10.68,NA,NA
2024-02-29,NA,10.72,NA,NA
2024-03-01,NA,10.78,NA,NA
2024-03-04,NA,10.78,NA,NA
2024-03-05,NA,10.75,NA,NA
2024-03-06,NA,10.81,NA,NA
2024-03-07,NA,10.87,NA,NA
2024-03-08,NA,10.86,NA,NA
2024-03-11,NA,10.83,NA,NA
2024-03-12,NA,10.87,NA,NA
2024-03-13,NA,10.87,NA,NA
2024-03-14,NA,10.81,NA,NA
2024-03-15,NA,10.79,NA,NA
2024-03-18,NA,10.8,NA,NA
2024-03-19,NA,10.83,NA,NA
2024-03-20,NA,10.92,NA,NA
2024-03-21,NA,10.97,NA,NA
2024-03-22,NA,10.95,NA,NA
2024-03-25,NA,10.94,NA,NA
2024-03-26,NA,10.93,NA,NA
2024-03-27,NA,11.01,NA,NA
2024-03-28,NA,11.03,NA,NA
2024-04-01,NA,10.98,NA,NA
2024-04-02,NA,10.91,NA,NA
2024-04-03,NA,10.94,NA,NA
2024-04-04,NA,10.88,NA,NA
2024-04-05,NA,10.91,NA,NA
2024-04-08,NA,10.93,NA,NA
2024-04-09,NA,10.95,NA,NA
2024-04-10,NA,10.81,NA,NA
2024-04-11,NA,10.82,NA,NA
2024-04-12,NA,10.72,NA,NA
2024-04-15,NA,10.64,NA,NA
2024-04-16,NA,10.59,NA,NA
2024-04-17,NA,10.58,NA,NA
2024-04-18,NA,10.56,NA,NA
2024-04-19,NA,10.55,NA,NA
2024-04-22,NA,10.62,NA,NA
2024-04-23,NA,10.7,NA,NA
2024-04-24,NA,10.69,NA,NA
2024-04-25,NA,10.65,NA,NA
2024-04-26,NA,10.7,NA,NA
2024-04-29,NA,10.74,NA,NA
2024-04-30,NA,10.62,NA,NA
2024-05-01,NA,10.62,NA,NA
2024-05-02,NA,10.71,NA,NA
2024-05-03,NA,10.79,NA,NA
2024-05-06,NA,10.87,NA,NA
2024-05-07,NA,10.87,NA,NA
2024-05-08,NA,10.85,NA,NA
2024-05-09,NA,10.91,NA,NA
2024-05-10,NA,10.91,NA,NA
2024-05-13,NA,10.91,NA,NA
2024-05-14,NA,10.96,NA,NA
2024-05-15,NA,11.06,NA,NA
2024-05-16,NA,11.02,NA,NA
2024-05-17,NA,11.02,NA,NA
2024-05-20,NA,11.03,NA,NA
2024-05-21,NA,11.02,NA,NA
2024-05-22,NA,10.98,NA,NA
2024-05-23,NA,10.91,NA,NA
2024-05-24,NA,10.96,NA,NA
2024-05-28,NA,10.93,NA,NA
2024-05-29,NA,10.83,NA,NA
2024-05-30,NA,10.87,NA,NA
2024-05-31,NA,10.94,NA,NA
2024-06-03,NA,10.94,NA,NA
2024-06-04,NA,10.9,NA,NA
2024-06-05,NA,10.98,NA,NA
2024-06-06,NA,10.97,NA,NA
2024-06-07,NA,10.9,NA,NA
2024-06-10,NA,10.92,NA,NA
2024-06-11,NA,10.9,NA,NA
2024-06-12,NA,10.98,NA,NA
2024-06-13,NA,10.96,NA,NA
2024-06-14,NA,10.92,NA,NA
2024-06-17,NA,10.95,NA,NA
2024-06-18,NA,10.98,NA,NA
2024-06-20,NA,10.97,NA,NA
2024-06-21,NA,10.96,NA,NA
2024-06-24,NA,10.98,NA,NA
2024-06-25,NA,10.97,NA,NA
2024-06-26,NA,10.93,NA,NA
2024-06-27,NA,10.94,NA,NA
2024-06-28,NA,10.94,NA,NA
2024-07-01,NA,10.89,NA,NA
2024-07-02,NA,10.94,NA,NA
2024-07-03,NA,11,NA,NA
2024-07-05,NA,11.02,NA,NA
2024-07-08,NA,11.02,NA,NA
2024-07-09,NA,11.01,NA,NA
2024-07-10,NA,11.07,NA,NA
2024-07-11,NA,11.09,NA,NA
2024-07-12,NA,11.16,NA,NA
2024-07-15,NA,11.15,NA,NA
2024-07-16,NA,11.24,NA,NA
2024-07-17,NA,11.14,NA,NA
2024-07-18,NA,11.07,NA,NA
2024-07-19,NA,11.02,NA,NA
2024-07-22,NA,11.1,NA,NA
2024-07-23,NA,11.09,NA,NA
2024-07-24,NA,10.94,NA,NA
2024-07-25,NA,10.91,NA,NA
2024-07-26,NA,11.01,NA,NA
2024-07-29,NA,11.01,NA,NA
2024-07-30,NA,11.01,NA,NA
2024-07-31,NA,11.12,NA,NA
2024-08-01,NA,11.02,NA,NA
2024-08-02,NA,10.91,NA,NA
2024-08-05,NA,10.74,NA,NA
2024-08-06,NA,10.78,NA,NA
2024-08-07,NA,10.73,NA,NA
2024-08-08,NA,10.87,NA,NA
2024-08-09,NA,10.92,NA,NA
2024-08-12,NA,10.91,NA,NA
2024-08-13,NA,11.03,NA,NA
2024-08-14,NA,11.05,NA,NA
2024-08-15,NA,11.14,NA,NA
2024-08-16,NA,11.17,NA,NA
2024-08-19,NA,11.24,NA,NA
2024-08-20,NA,11.23,NA,NA
2024-08-21,NA,11.28,NA,NA
2024-08-22,NA,11.22,NA,NA
2024-08-23,NA,11.34,NA,NA
2024-08-26,NA,11.31,NA,NA
2024-08-27,NA,11.32,NA,NA
2024-08-28,NA,11.28,NA,NA
2024-08-29,NA,11.29,NA,NA
2024-08-30,NA,11.33,NA,NA
2024-09-03,NA,11.2,NA,NA
2024-09-04,NA,11.2,NA,NA
2024-09-05,NA,11.18,NA,NA
2024-09-06,NA,11.07,NA,NA
2024-09-09,NA,11.14,NA,NA
2024-09-10,NA,11.16,NA,NA
2024-09-11,NA,11.21,NA,NA
2024-09-12,NA,11.27,NA,NA
2024-09-13,NA,11.33,NA,NA
2024-09-16,NA,11.37,NA,NA
2024-09-17,NA,11.37,NA,NA
2024-09-18,NA,11.34,NA,NA
2024-09-19,NA,11.48,NA,NA
2024-09-20,NA,11.44,NA,NA
2024-09-23,NA,11.46,NA,NA
2024-09-24,NA,11.49,NA,NA
2024-09-25,NA,11.45,NA,NA
2024-09-26,NA,11.52,NA,NA
2024-09-27,NA,11.52,NA,NA
2024-09-30,NA,11.51,NA,NA
2024-10-01,NA,11.47,NA,NA
2024-10-02,NA,11.46,NA,NA
2024-10-03,NA,11.41,NA,NA
2024-10-04,NA,11.45,NA,NA
2024-10-07,NA,11.38,NA,NA
2024-10-08,NA,11.41,NA,NA
2024-10-09,NA,11.44,NA,NA
2024-10-10,NA,11.41,NA,NA
2024-10-11,NA,11.47,NA,NA
2024-10-14,NA,11.51,NA,NA
2024-10-15,NA,11.47,NA,NA
2024-10-16,NA,11.51,NA,NA
2024-10-17,NA,11.48,NA,NA
2024-10-18,NA,11.51,NA,NA
2024-10-21,NA,11.44,NA,NA
2024-10-22,NA,11.41,NA,NA
2024-10-23,NA,11.35,NA,NA
2024-10-24,NA,11.37,NA,NA
2024-10-25,NA,11.35,NA,NA
2024-10-28,NA,11.39,NA,NA
2024-10-29,NA,11.4,NA,NA
2024-10-30,NA,11.38,NA,NA
2024-10-31,NA,11.27,NA,NA
2024-11-01,NA,11.28,NA,NA
2024-11-04,NA,11.29,NA,NA
2024-11-05,NA,11.39,NA,NA
2024-11-06,NA,11.52,NA,NA
2024-11-07,NA,11.62,NA,NA
2024-11-08,NA,11.63,NA,NA
2024-11-11,NA,11.64,NA,NA
2024-11-12,NA,11.56,NA,NA
2024-11-13,NA,11.54,NA,NA
2024-11-14,NA,11.49,NA,NA
2024-11-15,NA,11.4,NA,NA
2024-11-18,NA,11.44,NA,NA
2024-11-19,NA,11.47,NA,NA
2024-11-20,NA,11.47,NA,NA
2024-11-21,NA,11.52,NA,NA
2024-11-22,NA,11.57,NA,NA
2024-11-25,NA,11.64,NA,NA
2024-11-26,NA,11.64,NA,NA
2024-11-27,NA,11.63,NA,NA
2024-11-29,NA,11.69,NA,NA
2024-12-02,NA,11.71,NA,NA
2024-12-03,NA,11.71,NA,NA
2024-12-04,NA,11.78,NA,NA
2024-12-05,NA,11.76,NA,NA
2024-12-06,NA,11.78,NA,NA
2024-12-09,NA,11.73,NA,NA
2024-12-10,NA,11.68,NA,NA
2024-12-11,NA,11.73,NA,NA
2024-12-12,NA,11.67,NA,NA
2024-12-13,NA,11.66,NA,NA
2024-12-16,NA,11.68,NA,NA
2024-12-17,NA,11.62,NA,NA
2024-12-18,NA,11.39,NA,NA
2024-12-19,NA,10.99,NA,NA
2024-12-20,NA,11.06,NA,NA
2024-12-23,NA,11.07,NA,NA
2024-12-24,NA,11.13,NA,NA
2024-12-26,NA,11.14,NA,NA
2024-12-27,NA,11.08,NA,NA
2024-12-30,NA,11.03,NA,NA
2024-12-31,NA,11.01,NA,NA
2025-01-02,NA,11.01,NA,NA
2025-01-03,NA,11.08,NA,NA
